"Reason for Credit Entry","Sub Order No","Catalog ID","Order Date","Order source","Customer State","Product Name","SKU","Size","Quantity","Supplier Listed Price (Incl. GST + Commission)","Supplier Discounted Price (Incl GST and Commision)","Packet Id"
"CANCELLED","294017006634562368_1","485155264","2026-06-04","","Gujarat","MJM Cool Fan - Portable Smart Table Fan","MJM-CLFAN","Free Size","1","400.0","400.0","TP6GREU02647727"
"RTO_COMPLETE","294096112444221888_1","485155264","2026-06-04","","Bihar","MJM Cool Fan - Portable Smart Table Fan","MJM-CLFAN","Free Size","1","400.0","400.0","TP6GREU02647675"
"CANCELLED","294140264339456704_1","485155264","2026-06-04","","Uttar Pradesh","MJM Cool Fan - Portable Smart Table Fan","MJM-CLFAN","Free Size","1","339.0","339.0",
"DELIVERED","294281470617350976_1","485155264","2026-06-05","","Bihar","MJM Cool Fan - Portable Smart Table Fan","MJM-CLFAN","Free Size","1","400.0","400.0","TP6GREU02647674"
"CANCELLED","294422688977896128_1","485155264","2026-06-05","","Andhra Pradesh","MJM Cool Fan - Portable Smart Table Fan","MJM-CLFAN","Free Size","1","400.0","400.0","TP6GREU02647726"
"CANCELLED","294452861786420032_1","485155264","2026-06-05","","Rajasthan","MJM Cool Fan - Portable Smart Table Fan","MJM-CLFAN","Free Size","1","400.0","400.0",
"DELIVERED","294496573593776960_1","485155264","2026-06-05","","Madhya Pradesh","MJM Cool Fan - Portable Smart Table Fan","MJM-CLFAN","Free Size","1","400.0","400.0","TP6GREU02647673"
"CANCELLED","294763250686528320_1","485155264","2026-06-06","","Bihar","MJM Cool Fan - Portable Smart Table Fan","MJM-CLFAN","Free Size","1","400.0","400.0",
"DELIVERED","294827146278847232_1","485155264","2026-06-06","","Kerala","MJM Cool Fan - Portable Smart Table Fan","MJM-CLFAN","Free Size","1","400.0","400.0","TP6GREU02647724"
"CANCELLED","294832611162827200_1","485155264","2026-06-06","","Rajasthan","MJM Cool Fan - Portable Smart Table Fan","MJM-CLFAN","Free Size","1","400.0","400.0",
"DISPOSED","294857946171607872_1","485155264","2026-06-06","","Rajasthan","MJM Cool Fan - Portable Smart Table Fan","MJM-CLFAN","Free Size","1","400.0","400.0","TP6GREU02647723"
"DELIVERED","294880218041688576_1","485155264","2026-06-06","","Bihar","MJM Cool Fan - Portable Smart Table Fan","MJM-CLFAN","Free Size","1","400.0","400.0","TP6GREU02647721"
"DELIVERED","295064134357068224_1","485155264","2026-06-07","","Uttar Pradesh","MJM Cool Fan - Portable Smart Table Fan","MJM-CLFAN","Free Size","1","400.0","400.0","TP6GREU02647722"
"DELIVERED","295169616595526144_1","485155264","2026-06-07","","Andhra Pradesh","MJM Cool Fan - Portable Smart Table Fan","MJM-CLFAN","Free Size","1","400.0","400.0","TP6GREU02647726"
"DELIVERED","295416279459670464_1","485155264","2026-06-08","","Tamil Nadu","MJM Cool Fan - Portable Smart Table Fan","MJM-CLFAN","Free Size","1","400.0","400.0","TP6GREU02647720"
"DELIVERED","295476752153742144_1","485155264","2026-06-08","","Maharashtra","MJM Cool Fan - Portable Smart Table Fan","MJM-CLFAN","Free Size","1","400.0","400.0","TP6GREU02647712"
"DELIVERED","295552032965318528_1","485155264","2026-06-08","","Odisha","MJM Cool Fan - Portable Smart Table Fan","MJM-CLFAN","Free Size","1","339.0","339.0","TP6GREU02647725"
"DELIVERED","295565155735991104_1","485574721","2026-06-08","","Uttar Pradesh","MJM Interactive Dancing Cactus Toy ? Talking, Mimicking & Singing Plush Toy with LED Lights and USB Charging for Kids","Dancing-Cactus-01","Free Size","1","320.0","320.0","TP8RTEU03010800"
"DELIVERED","295611740578104064_1","485155264","2026-06-08","","Uttar Pradesh","MJM Cool Fan - Portable Smart Table Fan","MJM-CLFAN","Free Size","1","400.0","400.0","TP6GREU02647727"
"CANCELLED","295887851078316864_1","485155264","2026-06-09","","Karnataka","MJM Cool Fan - Portable Smart Table Fan","MJM-CLFAN","Free Size","1","400.0","400.0",
"DELIVERED","295891424774723776_1","485155264","2026-06-09","","Karnataka","MJM Cool Fan - Portable Smart Table Fan","MJM-CLFAN","Free Size","1","400.0","400.0","TP6GREU02647718"
"DELIVERED","295927467176077760_1","485155264","2026-06-09","","Uttar Pradesh","MJM Cool Fan - Portable Smart Table Fan","MJM-CLFAN","Free Size","1","400.0","400.0","TP6GREU02647716"
"DELIVERED","295989655433303936_1","485155264","2026-06-10","","Bihar","MJM Cool Fan - Portable Smart Table Fan","MJM-CLFAN","Free Size","1","400.0","400.0","TP6GREU02647715"
"CANCELLED","296122230616787776_1","485155264","2026-06-10","","Maharashtra","MJM Cool Fan - Portable Smart Table Fan","MJM-CLFAN","Free Size","1","400.0","400.0","TP6GREU02647718"
"RTO_COMPLETE","296142790965492416_1","485155264","2026-06-10","","Uttar Pradesh","MJM Cool Fan - Portable Smart Table Fan","MJM-CLFAN","Free Size","1","400.0","400.0","TP6GREU02647714"
"RTO_COMPLETE","296172042901444480_1","485155264","2026-06-10","","Tamil Nadu","MJM Cool Fan - Portable Smart Table Fan","MJM-CLFAN","Free Size","1","400.0","400.0","TP6GREU02647719"
"DELIVERED","296357073104382400_1","485155264","2026-06-11","","Uttar Pradesh","MJM Cool Fan - Portable Smart Table Fan","MJM-CLFAN","Free Size","1","400.0","400.0","TP6GREU02647717"
"DELIVERED","296614572457466048_1","485155264","2026-06-11","","West Bengal","MJM Cool Fan - Portable Smart Table Fan","MJM-CLFAN","Free Size","1","400.0","400.0","TP6GREU02647713"
"DELIVERED","296631034899835328_1","485155264","2026-06-11","","Uttar Pradesh","MJM Cool Fan - Portable Smart Table Fan","MJM-CLFAN","Free Size","1","339.0","339.0","TP6GREU02647710"
"DELIVERED","296704839248255168_1","485155264","2026-06-11","","Uttar Pradesh","MJM Cool Fan - Portable Smart Table Fan","MJM-CLFAN","Free Size","1","339.0","339.0","TP6GREU02647711"
"RTO_COMPLETE","296738838494739136_1","485155264","2026-06-12","","Punjab","MJM Cool Fan - Portable Smart Table Fan","MJM-CLFAN","Free Size","1","400.0","400.0","TP6GREU02647709"
"DELIVERED","297940926985829056_1","504101529","2026-06-15","","Rajasthan","MJM 2 in 1 Mobile Stand Combo | Metal Desktop Phone Holder + Adjustable Foldable Mobile & Tablet Stand","MJM-MTLSTND-CMB02","Free Size","1","130.0","130.0","TP0AQEU03488268"
"DELIVERED","299253806633654464_1","505105292","2026-06-19","","Madhya Pradesh","MJM Waterproof Mobile Pouch Combo Pack of 8 | Universal Touch Screen Phone Cover with Neck Strap, Triple Lock Waterproof Case for Swimming, Travel, Beach & Rain Protection","3lockrainpouch-8pc","Free Size","1","146.0","146.0","TP4COEU06755311"
"DELIVERED","299918211928169664_1","506810503","2026-06-20","Ad order","Tamil Nadu","MJM 10 Pieces 10 Watt LED Bulb Combo Pack | Cool White Energy Saving LED Light Bulbs | Long Lasting Bright Light for Home, Office, Shop | B22 Base","10wled-10pcs-leo","Free Size","1","200.0","200.0","TP8RTEU03010797"
"DELIVERED","299939536048758272_1","506810503","2026-06-20","Ad order","Uttar Pradesh","MJM 10 Pieces 10 Watt LED Bulb Combo Pack | Cool White Energy Saving LED Light Bulbs | Long Lasting Bright Light for Home, Office, Shop | B22 Base","10wled-10pcs-leo","Free Size","1","181.0","163.0","TP8RTEU03010798"
"DELIVERED","300104205392557504_1","505105292","2026-06-21","","Gujarat","MJM Waterproof Mobile Pouch Combo Pack of 8 | Universal Touch Screen Phone Cover with Neck Strap, Triple Lock Waterproof Case for Swimming, Travel, Beach & Rain Protection","3lockrainpouch-8pc","Free Size","1","127.0","109.0","TP4COEU06755410"
"DELIVERED","300115093482780032_1","506810503","2026-06-21","Ad order","Assam","MJM 10 Pieces 10 Watt LED Bulb Combo Pack | Cool White Energy Saving LED Light Bulbs | Long Lasting Bright Light for Home, Office, Shop | B22 Base","10wled-10pcs-leo","Free Size","1","200.0","200.0","TP8RTEU03010795"
"DELIVERED","300184556815413568_1","505105292","2026-06-21","","Punjab","MJM Waterproof Mobile Pouch Combo Pack of 8 | Universal Touch Screen Phone Cover with Neck Strap, Triple Lock Waterproof Case for Swimming, Travel, Beach & Rain Protection","3lockrainpouch-8pc","Free Size","1","127.0","109.0","TP4COEU06755409"
"DELIVERED","300213800626697600_1","504101529","2026-06-21","Ad order","Maharashtra","MJM 2 in 1 Mobile Stand Combo | Metal Desktop Phone Holder + Adjustable Foldable Mobile & Tablet Stand","MJM-MTLSTND-CMB02","Free Size","1","111.0","93.0","TP6GREU02647708"
"DELIVERED","300232452790951104_1","508240986","2026-06-21","","Uttar Pradesh","MJM 360? Rotating Bike Mobile Holder Stand for Motorcycle, Bicycle & Scooter Handlebar Phone Mount","PT05-BIKESTAND","Free Size","1","148.0","130.0","TP6GREU02647705"
"DELIVERED","300248137330225472_1","506810503","2026-06-21","Ad order","Telangana","MJM 10 Pieces 10 Watt LED Bulb Combo Pack | Cool White Energy Saving LED Light Bulbs | Long Lasting Bright Light for Home, Office, Shop | B22 Base","10wled-10pcs-leo","Free Size","1","200.0","200.0","TP8RTEU03010799"
"DELIVERED","300260862190055744_1","506810503","2026-06-21","Ad order","Telangana","MJM 10 Pieces 10 Watt LED Bulb Combo Pack | Cool White Energy Saving LED Light Bulbs | Long Lasting Bright Light for Home, Office, Shop | B22 Base","10wled-10pcs-leo","Free Size","1","200.0","182.0","TP8RTEU03010792"
"DELIVERED","300270005822830016_1","508162782","2026-06-21","","Gujarat","MJM Crystal Pro Wireless Bluetooth Earbuds with Smart LED Display, 48H Playback, ENC Calling, Type-C Charging, Low Latency Gaming Earbuds","Crystalpro-black","Free Size","1","271.0","253.0","TP4COEU06755408"
"CANCELLED","300270728123921792_1","506810503","2026-06-21","Ad order","Uttarakhand","MJM 10 Pieces 10 Watt LED Bulb Combo Pack | Cool White Energy Saving LED Light Bulbs | Long Lasting Bright Light for Home, Office, Shop | B22 Base","10wled-10pcs-leo","Free Size","1","181.0","181.0",
"DELIVERED","300275915504891328_1","506810503","2026-06-21","Ad order","Chhattisgarh","MJM 10 Pieces 10 Watt LED Bulb Combo Pack | Cool White Energy Saving LED Light Bulbs | Long Lasting Bright Light for Home, Office, Shop | B22 Base","10wled-10pcs-leo","Free Size","1","200.0","200.0","TP8RTEU03010791"
"DELIVERED","300288639217573056_1","506810503","2026-06-21","Ad order","Madhya Pradesh","MJM 10 Pieces 10 Watt LED Bulb Combo Pack | Cool White Energy Saving LED Light Bulbs | Long Lasting Bright Light for Home, Office, Shop | B22 Base","10wled-10pcs-leo","Free Size","1","200.0","200.0","TP8RTEU03010790"
"DELIVERED","300290331478734208_1","506810503","2026-06-21","Ad order","Uttar Pradesh","MJM 10 Pieces 10 Watt LED Bulb Combo Pack | Cool White Energy Saving LED Light Bulbs | Long Lasting Bright Light for Home, Office, Shop | B22 Base","10wled-10pcs-leo","Free Size","1","200.0","200.0","TP8RTEU03010793"
"DELIVERED","300290639537780097_1","506810503","2026-06-21","Ad order","Tamil Nadu","MJM 10 Pieces 10 Watt LED Bulb Combo Pack | Cool White Energy Saving LED Light Bulbs | Long Lasting Bright Light for Home, Office, Shop | B22 Base","10wled-10pcs-leo","Free Size","1","200.0","182.0","TP8RTEU03010794"
"DELIVERED","300296761309993153_1","504101529","2026-06-21","Ad order","Gujarat","MJM 2 in 1 Mobile Stand Combo | Metal Desktop Phone Holder + Adjustable Foldable Mobile & Tablet Stand","MJM-MTLSTND-CMB02","Free Size","1","111.0","93.0","TP6GREU02647707"
"DELIVERED","300298839127366848_1","506810503","2026-06-21","Ad order","Maharashtra","MJM 10 Pieces 10 Watt LED Bulb Combo Pack | Cool White Energy Saving LED Light Bulbs | Long Lasting Bright Light for Home, Office, Shop | B22 Base","10wled-10pcs-leo","Free Size","1","200.0","182.0","TP8RTEU03010796"
"DELIVERED","300453560809320768_1","508240986","2026-06-22","","Haryana","MJM 360? Rotating Bike Mobile Holder Stand for Motorcycle, Bicycle & Scooter Handlebar Phone Mount","PT05-BIKESTAND","Free Size","1","170.0","152.0","TP6GREU02647706"
"DELIVERED","300540300789953984_1","508240986","2026-06-22","","Gujarat","MJM 360? Rotating Bike Mobile Holder Stand for Motorcycle, Bicycle & Scooter Handlebar Phone Mount","PT05-BIKESTAND","Free Size","1","170.0","152.0","TP6GREU02647701"
"DELIVERED","300540413578982848_1","505105292","2026-06-22","","Delhi","MJM Waterproof Mobile Pouch Combo Pack of 8 | Universal Touch Screen Phone Cover with Neck Strap, Triple Lock Waterproof Case for Swimming, Travel, Beach & Rain Protection","3lockrainpouch-8pc","Free Size","1","127.0","109.0","TP0AQEU03488271"
"DELIVERED","300541266432956608_1","506810503","2026-06-22","Ad order","Rajasthan","MJM 10 Pieces 10 Watt LED Bulb Combo Pack | Cool White Energy Saving LED Light Bulbs | Long Lasting Bright Light for Home, Office, Shop | B22 Base","10wled-10pcs-leo","Free Size","1","200.0","200.0","TP8RTEU03010784"
"DELIVERED","300546588077791424_1","508573229","2026-06-22","","Gujarat","MJM Premium Metal Mobile Stand | 360? Rotation Adjustable Phone Holder | Foldable Desk Table Stand for Smartphone & Tablet","L396-STAND","Free Size","1","160.0","160.0","TP6GREU02647702"
"DELIVERED","300605299496392896_1","508240986","2026-06-22","","Maharashtra","MJM 360? Rotating Bike Mobile Holder Stand for Motorcycle, Bicycle & Scooter Handlebar Phone Mount","PT05-BIKESTAND","Free Size","1","148.0","148.0","TP4COEU06755315"
"RTO_COMPLETE","300609940014642560_1","508240986","2026-06-22","","Maharashtra","MJM 360? Rotating Bike Mobile Holder Stand for Motorcycle, Bicycle & Scooter Handlebar Phone Mount","PT05-BIKESTAND","Free Size","1","170.0","152.0","TP6GREU02647704"
"CANCELLED","300638481001356480_1","508240986","2026-06-22","","Karnataka","MJM 360? Rotating Bike Mobile Holder Stand for Motorcycle, Bicycle & Scooter Handlebar Phone Mount","PT05-BIKESTAND","Free Size","1","148.0","148.0",
"DELIVERED","300835228212534784_1","506810503","2026-06-23","Ad order","Jharkhand","MJM 10 Pieces 10 Watt LED Bulb Combo Pack | Cool White Energy Saving LED Light Bulbs | Long Lasting Bright Light for Home, Office, Shop | B22 Base","10wled-10pcs-leo","Free Size","1","200.0","200.0","TP8RTEU03010788"
"DELIVERED","300841358183636480_1","506810503","2026-06-23","Ad order","Maharashtra","MJM 10 Pieces 10 Watt LED Bulb Combo Pack | Cool White Energy Saving LED Light Bulbs | Long Lasting Bright Light for Home, Office, Shop | B22 Base","10wled-10pcs-leo","Free Size","1","200.0","182.0","TP8RTEU03010789"
"DELIVERED","300846354816048640_1","506810503","2026-06-23","Ad order","Rajasthan","MJM 10 Pieces 10 Watt LED Bulb Combo Pack | Cool White Energy Saving LED Light Bulbs | Long Lasting Bright Light for Home, Office, Shop | B22 Base","10wled-10pcs-leo","Free Size","1","181.0","163.0","TP8RTEU03010787"
"DELIVERED","300860048874675712_1","505105292","2026-06-23","","Karnataka","MJM Waterproof Mobile Pouch Combo Pack of 8 | Universal Touch Screen Phone Cover with Neck Strap, Triple Lock Waterproof Case for Swimming, Travel, Beach & Rain Protection","3lockrainpouch-8pc","Free Size","1","127.0","127.0","TP0AQEU03488270"
"CANCELLED","300860416171842752_1","506810503","2026-06-23","Ad order","Karnataka","MJM 10 Pieces 10 Watt LED Bulb Combo Pack | Cool White Energy Saving LED Light Bulbs | Long Lasting Bright Light for Home, Office, Shop | B22 Base","10wled-10pcs-leo","Free Size","1","200.0","200.0",
"DELIVERED","300876361241008320_1","506810503","2026-06-23","Ad order","Chhattisgarh","MJM 10 Pieces 10 Watt LED Bulb Combo Pack | Cool White Energy Saving LED Light Bulbs | Long Lasting Bright Light for Home, Office, Shop | B22 Base","10wled-10pcs-leo","Free Size","1","200.0","182.0","TP8RTEU03010783"
"CANCELLED","300881789957185024_1","506810503","2026-06-23","Ad order","Uttar Pradesh","MJM 10 Pieces 10 Watt LED Bulb Combo Pack | Cool White Energy Saving LED Light Bulbs | Long Lasting Bright Light for Home, Office, Shop | B22 Base","10wled-10pcs-leo","Free Size","1","200.0","200.0",
"CANCELLED","300883201889934848_1","506810503","2026-06-23","Ad order","Uttar Pradesh","MJM 10 Pieces 10 Watt LED Bulb Combo Pack | Cool White Energy Saving LED Light Bulbs | Long Lasting Bright Light for Home, Office, Shop | B22 Base","10wled-10pcs-leo","Free Size","1","200.0","200.0",
"DELIVERED","300887159735727552_1","506810503","2026-06-23","","Andhra Pradesh","MJM 10 Pieces 10 Watt LED Bulb Combo Pack | Cool White Energy Saving LED Light Bulbs | Long Lasting Bright Light for Home, Office, Shop | B22 Base","10wled-10pcs-leo","Free Size","1","181.0","181.0","TP8RTEU03010786"
"CANCELLED","300892812156934336_1","506810503","2026-06-23","Ad order","Uttar Pradesh","MJM 10 Pieces 10 Watt LED Bulb Combo Pack | Cool White Energy Saving LED Light Bulbs | Long Lasting Bright Light for Home, Office, Shop | B22 Base","10wled-10pcs-leo","Free Size","1","200.0","200.0","TP8RTEU03010785"
"DELIVERED","300903548467878080_1","508240986","2026-06-23","","Bihar","MJM 360? Rotating Bike Mobile Holder Stand for Motorcycle, Bicycle & Scooter Handlebar Phone Mount","PT05-BIKESTAND","Free Size","1","170.0","170.0","TP6GREU02647700"
"DELIVERED","301003682617898432_1","506810503","2026-06-23","","West Bengal","MJM 10 Pieces 10 Watt LED Bulb Combo Pack | Cool White Energy Saving LED Light Bulbs | Long Lasting Bright Light for Home, Office, Shop | B22 Base","10wled-10pcs-leo","Free Size","1","200.0","182.0","TP8RTEU03010782"
"DELIVERED","301011876698550592_1","508240986","2026-06-23","","Maharashtra","MJM 360? Rotating Bike Mobile Holder Stand for Motorcycle, Bicycle & Scooter Handlebar Phone Mount","PT05-BIKESTAND","Free Size","1","148.0","148.0","TP5SPEU09252768"
"DELIVERED","301016489908385216_1","505105292","2026-06-23","","Maharashtra","MJM Waterproof Mobile Pouch Combo Pack of 8 | Universal Touch Screen Phone Cover with Neck Strap, Triple Lock Waterproof Case for Swimming, Travel, Beach & Rain Protection","3lockrainpouch-8pc","Free Size","1","127.0","109.0","TP4COEU06755313"
"DELIVERED","301173877563078080_1","505105292","2026-06-24","","Assam","MJM Waterproof Mobile Pouch Combo Pack of 8 | Universal Touch Screen Phone Cover with Neck Strap, Triple Lock Waterproof Case for Swimming, Travel, Beach & Rain Protection","3lockrainpouch-8pc","Free Size","1","127.0","109.0","TP5SPEU09252764"
"DELIVERED","301206478961253888_1","505105292","2026-06-24","","Maharashtra","MJM Waterproof Mobile Pouch Combo Pack of 8 | Universal Touch Screen Phone Cover with Neck Strap, Triple Lock Waterproof Case for Swimming, Travel, Beach & Rain Protection","3lockrainpouch-8pc","Free Size","1","146.0","128.0","TP5SPEU09252765"
"DELIVERED","301208995442865536_1","508240986","2026-06-24","","Tamil Nadu","MJM 360? Rotating Bike Mobile Holder Stand for Motorcycle, Bicycle & Scooter Handlebar Phone Mount","PT05-BIKESTAND","Free Size","1","148.0","148.0","TP5SPEU09252767"
"DELIVERED","301232404189311296_1","509589936","2026-06-24","","Odisha","MJM Waterproof Bike Mobile Holder | 360? Rotatable Motorcycle Phone Mount | Touch Screen Rainproof Mobile Case for Bicycle, Scooter & Bike","MJM-A1BIKEHOLDER-360","Free Size","1","200.0","182.0","TP0SQEU02153559"
"DELIVERED","301254613754328448_1","509589936","2026-06-24","","Maharashtra","MJM Waterproof Bike Mobile Holder | 360? Rotatable Motorcycle Phone Mount | Touch Screen Rainproof Mobile Case for Bicycle, Scooter & Bike","MJM-A1BIKEHOLDER-360","Free Size","1","178.0","160.0","TP0SQEU02153560"
"DELIVERED","301262144379973952_1","509589936","2026-06-24","","Maharashtra","MJM Waterproof Bike Mobile Holder | 360? Rotatable Motorcycle Phone Mount | Touch Screen Rainproof Mobile Case for Bicycle, Scooter & Bike","MJM-A1BIKEHOLDER-360","Free Size","1","178.0","160.0","TP0AQEU03488277"
"DELIVERED","301265230988981632_1","509589936","2026-06-24","","Haryana","MJM Waterproof Bike Mobile Holder | 360? Rotatable Motorcycle Phone Mount | Touch Screen Rainproof Mobile Case for Bicycle, Scooter & Bike","MJM-A1BIKEHOLDER-360","Free Size","1","200.0","182.0","TP0AQEU03488269"
"DELIVERED","301277954674406848_1","506810503","2026-06-24","Ad order","Himachal Pradesh","MJM 10 Pieces 10 Watt LED Bulb Combo Pack | Cool White Energy Saving LED Light Bulbs | Long Lasting Bright Light for Home, Office, Shop | B22 Base","10wled-10pcs-leo","Free Size","1","200.0","182.0","TP8RTEU03010781"
"RTO_COMPLETE","301300664834078080_1","509589936","2026-06-24","","Odisha","MJM Waterproof Bike Mobile Holder | 360? Rotatable Motorcycle Phone Mount | Touch Screen Rainproof Mobile Case for Bicycle, Scooter & Bike","MJM-A1BIKEHOLDER-360","Free Size","1","200.0","200.0","TP0AQEU03488276"
"DELIVERED","301305932395453632_1","509589936","2026-06-24","","Gujarat","MJM Waterproof Bike Mobile Holder | 360? Rotatable Motorcycle Phone Mount | Touch Screen Rainproof Mobile Case for Bicycle, Scooter & Bike","MJM-A1BIKEHOLDER-360","Free Size","1","178.0","160.0","TP0SQEU02153562"
"DELIVERED","301313550038081024_1","508240986","2026-06-24","","Madhya Pradesh","MJM 360? Rotating Bike Mobile Holder Stand for Motorcycle, Bicycle & Scooter Handlebar Phone Mount","PT05-BIKESTAND","Free Size","1","170.0","170.0","TP4COEU06755317"
"DELIVERED","301342447500670400_1","504101529","2026-06-24","Ad order","Andhra Pradesh","MJM 2 in 1 Mobile Stand Combo | Metal Desktop Phone Holder + Adjustable Foldable Mobile & Tablet Stand","MJM-MTLSTND-CMB02","Free Size","1","111.0","93.0","TP0SQEU02153564"
"DELIVERED","301388336910972288_1","508960861","2026-06-24","","West Bengal","MJM 3 In 1 Fast Charging Cable 120W Super Charge USB Cable with Type C, Micro USB & 8 Pin Connector 1 Meter","MJM-3IN1-CABLE-120W-1M-ORANGE","Free Size","1","71.0","53.0","NP1MLEU03727135"
"DELIVERED","301392302340469056_1","509589936","2026-06-24","","Maharashtra","MJM Waterproof Bike Mobile Holder | 360? Rotatable Motorcycle Phone Mount | Touch Screen Rainproof Mobile Case for Bicycle, Scooter & Bike","MJM-A1BIKEHOLDER-360","Free Size","1","178.0","160.0","TP0SQEU02153563"
"DELIVERED","301394243669881153_1","506810503","2026-06-24","Ad order","Madhya Pradesh","MJM 10 Pieces 10 Watt LED Bulb Combo Pack | Cool White Energy Saving LED Light Bulbs | Long Lasting Bright Light for Home, Office, Shop | B22 Base","10wled-10pcs-leo","Free Size","1","200.0","182.0","TP8RTEU03010780"
"DELIVERED","301394703226910144_1","508240986","2026-06-24","","Himachal Pradesh","MJM 360? Rotating Bike Mobile Holder Stand for Motorcycle, Bicycle & Scooter Handlebar Phone Mount","PT05-BIKESTAND","Free Size","1","170.0","152.0","TP4COEU06755314"
"DELIVERED","301416973070638272_1","509589936","2026-06-24","","Gujarat","MJM Waterproof Bike Mobile Holder | 360? Rotatable Motorcycle Phone Mount | Touch Screen Rainproof Mobile Case for Bicycle, Scooter & Bike","MJM-A1BIKEHOLDER-360","Free Size","1","200.0","200.0","TP0AQEU03488274"
"DELIVERED","301420442366254592_1","509589936","2026-06-24","","Gujarat","MJM Waterproof Bike Mobile Holder | 360? Rotatable Motorcycle Phone Mount | Touch Screen Rainproof Mobile Case for Bicycle, Scooter & Bike","MJM-A1BIKEHOLDER-360","Free Size","1","200.0","182.0","TP0SQEU02153561"
"DELIVERED","301442850754016640_1","508240986","2026-06-25","","Karnataka","MJM 360? Rotating Bike Mobile Holder Stand for Motorcycle, Bicycle & Scooter Handlebar Phone Mount","PT05-BIKESTAND","Free Size","1","148.0","148.0","TP4COEU06755316"
"DELIVERED","301453828561377472_1","505105292","2026-06-25","","Maharashtra","MJM Waterproof Mobile Pouch Combo Pack of 8 | Universal Touch Screen Phone Cover with Neck Strap, Triple Lock Waterproof Case for Swimming, Travel, Beach & Rain Protection","3lockrainpouch-8pc","Free Size","1","146.0","128.0","TP4COEU06755312"
"DELIVERED","301523807435911488_1","509589936","2026-06-25","","Tamil Nadu","MJM Waterproof Bike Mobile Holder | 360? Rotatable Motorcycle Phone Mount | Touch Screen Rainproof Mobile Case for Bicycle, Scooter & Bike","MJM-A1BIKEHOLDER-360","Free Size","1","178.0","178.0","TP0AQEU03488273"
"DELIVERED","301542758988191936_1","509589936","2026-06-25","","Tamil Nadu","MJM Waterproof Bike Mobile Holder | 360? Rotatable Motorcycle Phone Mount | Touch Screen Rainproof Mobile Case for Bicycle, Scooter & Bike","MJM-A1BIKEHOLDER-360","Free Size","1","178.0","160.0","TP0SQEU02153580"
"DELIVERED","301555437810643264_1","509589936","2026-06-25","","Maharashtra","MJM Waterproof Bike Mobile Holder | 360? Rotatable Motorcycle Phone Mount | Touch Screen Rainproof Mobile Case for Bicycle, Scooter & Bike","MJM-A1BIKEHOLDER-360","Free Size","1","200.0","182.0","TP0AQEU03488275"
"DELIVERED","301558383914938688_1","509589936","2026-06-25","","West Bengal","MJM Waterproof Bike Mobile Holder | 360? Rotatable Motorcycle Phone Mount | Touch Screen Rainproof Mobile Case for Bicycle, Scooter & Bike","MJM-A1BIKEHOLDER-360","Free Size","1","200.0","182.0","TP0AQEU03488272"
"DELIVERED","301589132365673856_1","509589936","2026-06-25","","West Bengal","MJM Waterproof Bike Mobile Holder | 360? Rotatable Motorcycle Phone Mount | Touch Screen Rainproof Mobile Case for Bicycle, Scooter & Bike","MJM-A1BIKEHOLDER-360","Free Size","1","200.0","200.0","TP0SQEU02153586"
"DELIVERED","301593636179948928_1","509589936","2026-06-25","","Tamil Nadu","MJM Waterproof Bike Mobile Holder | 360? Rotatable Motorcycle Phone Mount | Touch Screen Rainproof Mobile Case for Bicycle, Scooter & Bike","MJM-A1BIKEHOLDER-360","Free Size","1","178.0","160.0","TP0SQEU02153571"
"DELIVERED","301596286279628160_1","508960861","2026-06-25","","Uttar Pradesh","MJM 3 In 1 Fast Charging Cable 120W Super Charge USB Cable with Type C, Micro USB & 8 Pin Connector 1 Meter","MJM-3IN1-CABLE-120W-1M-ORANGE","Free Size","1","71.0","53.0","NP1SLEU06013243"
"DELIVERED","301606040477790528_1","508960861","2026-06-25","","Maharashtra","MJM 3 In 1 Fast Charging Cable 120W Super Charge USB Cable with Type C, Micro USB & 8 Pin Connector 1 Meter","MJM-3IN1-CABLE-120W-1M-ORANGE","Free Size","1","90.0","90.0","NP1SLEU06013241"
"DELIVERED","301606819309434240_1","509589936","2026-06-25","","Bihar","MJM Waterproof Bike Mobile Holder | 360? Rotatable Motorcycle Phone Mount | Touch Screen Rainproof Mobile Case for Bicycle, Scooter & Bike","MJM-A1BIKEHOLDER-360","Free Size","1","178.0","178.0","TP0SQEU02153575"
"DELIVERED","301610775867978048_1","508960861","2026-06-25","","Telangana","MJM 3 In 1 Fast Charging Cable 120W Super Charge USB Cable with Type C, Micro USB & 8 Pin Connector 1 Meter","MJM-3IN1-CABLE-120W-1M-ORANGE","Free Size","1","90.0","90.0","NP1SLEU06013240"
"DELIVERED","301616106899387776_1","509589936","2026-06-25","","Telangana","MJM Waterproof Bike Mobile Holder | 360? Rotatable Motorcycle Phone Mount | Touch Screen Rainproof Mobile Case for Bicycle, Scooter & Bike","MJM-A1BIKEHOLDER-360","Free Size","1","178.0","160.0","TP0SQEU02153587"
"DELIVERED","301646806186859712_1","509589936","2026-06-25","","Maharashtra","MJM Waterproof Bike Mobile Holder | 360? Rotatable Motorcycle Phone Mount | Touch Screen Rainproof Mobile Case for Bicycle, Scooter & Bike","MJM-A1BIKEHOLDER-360","Free Size","1","200.0","200.0","TP0SQEU02153579"
"DELIVERED","301663099932012864_1","509589936","2026-06-25","","Bihar","MJM Waterproof Bike Mobile Holder | 360? Rotatable Motorcycle Phone Mount | Touch Screen Rainproof Mobile Case for Bicycle, Scooter & Bike","MJM-A1BIKEHOLDER-360","Free Size","1","178.0","160.0","TP0SQEU02153577"
"DELIVERED","301672079114640896_1","509589936","2026-06-25","","Delhi","MJM Waterproof Bike Mobile Holder | 360? Rotatable Motorcycle Phone Mount | Touch Screen Rainproof Mobile Case for Bicycle, Scooter & Bike","MJM-A1BIKEHOLDER-360","Free Size","1","200.0","182.0","TP0SQEU02153573"
"DELIVERED","301678720287666496_1","509589936","2026-06-25","","Uttar Pradesh","MJM Waterproof Bike Mobile Holder | 360? Rotatable Motorcycle Phone Mount | Touch Screen Rainproof Mobile Case for Bicycle, Scooter & Bike","MJM-A1BIKEHOLDER-360","Free Size","1","200.0","182.0","TP0SQEU02153583"
"DELIVERED","301693810449462720_1","509589936","2026-06-25","","Tamil Nadu","MJM Waterproof Bike Mobile Holder | 360? Rotatable Motorcycle Phone Mount | Touch Screen Rainproof Mobile Case for Bicycle, Scooter & Bike","MJM-A1BIKEHOLDER-360","Free Size","1","200.0","200.0","TP0SQEU02153569"
"RTO_COMPLETE","301695009705833920_1","509589936","2026-06-25","","Maharashtra","MJM Waterproof Bike Mobile Holder | 360? Rotatable Motorcycle Phone Mount | Touch Screen Rainproof Mobile Case for Bicycle, Scooter & Bike","MJM-A1BIKEHOLDER-360","Free Size","1","200.0","200.0","TP0SQEU02153570"
"DELIVERED","301708541596866752_1","509589936","2026-06-25","","Telangana","MJM Waterproof Bike Mobile Holder | 360? Rotatable Motorcycle Phone Mount | Touch Screen Rainproof Mobile Case for Bicycle, Scooter & Bike","MJM-A1BIKEHOLDER-360","Free Size","1","200.0","200.0","TP0SQEU02153582"
"DELIVERED","301724532782544320_1","504101529","2026-06-25","Ad order","Maharashtra","MJM 2 in 1 Mobile Stand Combo | Metal Desktop Phone Holder + Adjustable Foldable Mobile & Tablet Stand","MJM-MTLSTND-CMB02","Free Size","1","130.0","112.0","TP5SPEU09252770"
"DELIVERED","301733510855924928_1","508960861","2026-06-25","","Chhattisgarh","MJM 3 In 1 Fast Charging Cable 120W Super Charge USB Cable with Type C, Micro USB & 8 Pin Connector 1 Meter","MJM-3IN1-CABLE-120W-1M-ORANGE","Free Size","1","71.0","71.0","NP1SLEU06013239"
"RTO_COMPLETE","301743079022031168_1","509589936","2026-06-25","","Uttar Pradesh","MJM Waterproof Bike Mobile Holder | 360? Rotatable Motorcycle Phone Mount | Touch Screen Rainproof Mobile Case for Bicycle, Scooter & Bike","MJM-A1BIKEHOLDER-360","Free Size","1","200.0","200.0","TP0SQEU02153581"
"DELIVERED","301757394186475712_1","508960861","2026-06-25","","Telangana","MJM 3 In 1 Fast Charging Cable 120W Super Charge USB Cable with Type C, Micro USB & 8 Pin Connector 1 Meter","MJM-3IN1-CABLE-120W-1M-ORANGE","Free Size","1","90.0","72.0","NP1SLEU06013242"
"DELIVERED","301764533609109696_1","509589936","2026-06-25","","Dadra and Nagar Haveli and Daman and Diu","MJM Waterproof Bike Mobile Holder | 360? Rotatable Motorcycle Phone Mount | Touch Screen Rainproof Mobile Case for Bicycle, Scooter & Bike","MJM-A1BIKEHOLDER-360","Free Size","1","200.0","182.0","TP0SQEU02153578"
"DELIVERED","301769534044779968_1","509589936","2026-06-25","","Bihar","MJM Waterproof Bike Mobile Holder | 360? Rotatable Motorcycle Phone Mount | Touch Screen Rainproof Mobile Case for Bicycle, Scooter & Bike","MJM-A1BIKEHOLDER-360","Free Size","1","178.0","178.0","TP0SQEU02153574"
"DELIVERED","301780350845393088_1","509589936","2026-06-25","","Telangana","MJM Waterproof Bike Mobile Holder | 360? Rotatable Motorcycle Phone Mount | Touch Screen Rainproof Mobile Case for Bicycle, Scooter & Bike","MJM-A1BIKEHOLDER-360","Free Size","1","200.0","182.0","TP0SQEU02153584"
"DELIVERED","301791423819560320_1","509589936","2026-06-26","","Uttar Pradesh","MJM Waterproof Bike Mobile Holder | 360? Rotatable Motorcycle Phone Mount | Touch Screen Rainproof Mobile Case for Bicycle, Scooter & Bike","MJM-A1BIKEHOLDER-360","Free Size","1","200.0","182.0","TP0SQEU02153568"
"DELIVERED","301804414883754304_1","509589936","2026-06-26","","Odisha","MJM Waterproof Bike Mobile Holder | 360? Rotatable Motorcycle Phone Mount | Touch Screen Rainproof Mobile Case for Bicycle, Scooter & Bike","MJM-A1BIKEHOLDER-360","Free Size","1","200.0","182.0","TP0SQEU02153565"
"CANCELLED","301823593560940032_1","509589936","2026-06-26","","Punjab","MJM Waterproof Bike Mobile Holder | 360? Rotatable Motorcycle Phone Mount | Touch Screen Rainproof Mobile Case for Bicycle, Scooter & Bike","MJM-A1BIKEHOLDER-360","Free Size","1","200.0","200.0",
"CANCELLED","301824722369656256_1","509589936","2026-06-26","","Chandigarh","MJM Waterproof Bike Mobile Holder | 360? Rotatable Motorcycle Phone Mount | Touch Screen Rainproof Mobile Case for Bicycle, Scooter & Bike","MJM-A1BIKEHOLDER-360","Free Size","1","200.0","200.0",
"DELIVERED","301825403675620736_1","509589936","2026-06-26","","Chandigarh","MJM Waterproof Bike Mobile Holder | 360? Rotatable Motorcycle Phone Mount | Touch Screen Rainproof Mobile Case for Bicycle, Scooter & Bike","MJM-A1BIKEHOLDER-360","Free Size","1","200.0","200.0","TP0SQEU02153567"
"DELIVERED","301878459390826688_1","509589936","2026-06-26","","Madhya Pradesh","MJM Waterproof Bike Mobile Holder | 360? Rotatable Motorcycle Phone Mount | Touch Screen Rainproof Mobile Case for Bicycle, Scooter & Bike","MJM-A1BIKEHOLDER-360","Free Size","1","200.0","182.0","TP0SQEU02153589"
"DELIVERED","301885005982144705_1","508960861","2026-06-26","","Uttar Pradesh","MJM 3 In 1 Fast Charging Cable 120W Super Charge USB Cable with Type C, Micro USB & 8 Pin Connector 1 Meter","MJM-3IN1-CABLE-120W-1M-ORANGE","Free Size","1","71.0","53.0","NP1SLEU06013238"
"DELIVERED","301889982919220416_1","509589936","2026-06-26","","Karnataka","MJM Waterproof Bike Mobile Holder | 360? Rotatable Motorcycle Phone Mount | Touch Screen Rainproof Mobile Case for Bicycle, Scooter & Bike","MJM-A1BIKEHOLDER-360","Free Size","1","178.0","178.0","TP0SQEU02153588"
"RTO_COMPLETE","301897589226609856_1","509589936","2026-06-26","","Tamil Nadu","MJM Waterproof Bike Mobile Holder | 360? Rotatable Motorcycle Phone Mount | Touch Screen Rainproof Mobile Case for Bicycle, Scooter & Bike","MJM-A1BIKEHOLDER-360","Free Size","1","200.0","200.0","TP0SQEU02153585"
"DELIVERED","301913964719446208_1","509589936","2026-06-26","","Karnataka","MJM Waterproof Bike Mobile Holder | 360? Rotatable Motorcycle Phone Mount | Touch Screen Rainproof Mobile Case for Bicycle, Scooter & Bike","MJM-A1BIKEHOLDER-360","Free Size","1","178.0","160.0","TP0SQEU02153576"
"DELIVERED","301915213941710336_1","505105292","2026-06-26","","Tamil Nadu","MJM Waterproof Mobile Pouch Combo Pack of 8 | Universal Touch Screen Phone Cover with Neck Strap, Triple Lock Waterproof Case for Swimming, Travel, Beach & Rain Protection","3lockrainpouch-8pc","Free Size","1","127.0","109.0","TP5SPEU09252766"
"DELIVERED","301925296692010496_1","509589936","2026-06-26","","Madhya Pradesh","MJM Waterproof Bike Mobile Holder | 360? Rotatable Motorcycle Phone Mount | Touch Screen Rainproof Mobile Case for Bicycle, Scooter & Bike","MJM-A1BIKEHOLDER-360","Free Size","1","200.0","182.0","TP0SQEU02153566"
"DELIVERED","301932511838761280_1","509589936","2026-06-26","","Delhi","MJM Waterproof Bike Mobile Holder | 360? Rotatable Motorcycle Phone Mount | Touch Screen Rainproof Mobile Case for Bicycle, Scooter & Bike","MJM-A1BIKEHOLDER-360","Free Size","1","200.0","182.0","TP0SQEU02153572"
"DELIVERED","301942876722836864_1","509589936","2026-06-26","","Maharashtra","MJM Waterproof Bike Mobile Holder | 360? Rotatable Motorcycle Phone Mount | Touch Screen Rainproof Mobile Case for Bicycle, Scooter & Bike","MJM-A1BIKEHOLDER-360","Free Size","1","178.0","160.0","TP0SQEU02153595"
"DELIVERED","301950314919303360_1","509589936","2026-06-26","","Gujarat","MJM Waterproof Bike Mobile Holder | 360? Rotatable Motorcycle Phone Mount | Touch Screen Rainproof Mobile Case for Bicycle, Scooter & Bike","MJM-A1BIKEHOLDER-360","Free Size","1","200.0","182.0","TP0SQEU02153591"
"DELIVERED","301953815815796160_1","509589936","2026-06-26","","Rajasthan","MJM Waterproof Bike Mobile Holder | 360? Rotatable Motorcycle Phone Mount | Touch Screen Rainproof Mobile Case for Bicycle, Scooter & Bike","MJM-A1BIKEHOLDER-360","Free Size","1","200.0","200.0","TP0SQEU02153596"
"DELIVERED","301955364631747776_1","509589936","2026-06-26","","Madhya Pradesh","MJM Waterproof Bike Mobile Holder | 360? Rotatable Motorcycle Phone Mount | Touch Screen Rainproof Mobile Case for Bicycle, Scooter & Bike","MJM-A1BIKEHOLDER-360","Free Size","1","200.0","200.0","TP0SQEU02153619"
"DELIVERED","301965793166892544_1","509589936","2026-06-26","","Bihar","MJM Waterproof Bike Mobile Holder | 360? Rotatable Motorcycle Phone Mount | Touch Screen Rainproof Mobile Case for Bicycle, Scooter & Bike","MJM-A1BIKEHOLDER-360","Free Size","1","200.0","200.0","TP0SQEU02153611"
"DELIVERED","301966945061182976_1","509589936","2026-06-26","","Maharashtra","MJM Waterproof Bike Mobile Holder | 360? Rotatable Motorcycle Phone Mount | Touch Screen Rainproof Mobile Case for Bicycle, Scooter & Bike","MJM-A1BIKEHOLDER-360","Free Size","1","200.0","182.0","TP0SQEU02153609"
"DELIVERED","301967187133209792_1","508240986","2026-06-26","","Bihar","MJM 360? Rotating Bike Mobile Holder Stand for Motorcycle, Bicycle & Scooter Handlebar Phone Mount","PT05-BIKESTAND","Free Size","1","170.0","152.0","TP5SPEU09252769"
"RTO_COMPLETE","301980332553936384_1","509589936","2026-06-26","","Kerala","MJM Waterproof Bike Mobile Holder | 360? Rotatable Motorcycle Phone Mount | Touch Screen Rainproof Mobile Case for Bicycle, Scooter & Bike","MJM-A1BIKEHOLDER-360","Free Size","1","200.0","200.0","TP0SQEU02153621"
"LOST","301981417084360896_1","508240986","2026-06-26","","Maharashtra","MJM 360? Rotating Bike Mobile Holder Stand for Motorcycle, Bicycle & Scooter Handlebar Phone Mount","PT05-BIKESTAND","Free Size","1","148.0","148.0","TP4COEU06755323"
"RTO_COMPLETE","301982721001199808_1","509589936","2026-06-26","","Gujarat","MJM Waterproof Bike Mobile Holder | 360? Rotatable Motorcycle Phone Mount | Touch Screen Rainproof Mobile Case for Bicycle, Scooter & Bike","MJM-A1BIKEHOLDER-360","Free Size","1","200.0","200.0","TP0SQEU02153603"
"RTO_COMPLETE","301982793658429760_1","509589936","2026-06-26","","Gujarat","MJM Waterproof Bike Mobile Holder | 360? Rotatable Motorcycle Phone Mount | Touch Screen Rainproof Mobile Case for Bicycle, Scooter & Bike","MJM-A1BIKEHOLDER-360","Free Size","1","200.0","200.0","TP0SQEU02153605"
"CANCELLED","301985326020499648_1","511487094","2026-06-26","","Gujarat","MJM Airdopes Prime TWS Earbuds Bluetooth 5.4 Wireless Earbuds with Deep Bass, HD Calling, Type-C Charging & 18 Hours Playback - Black","MJM-AIRDOPES-PRIME-BLACK","Free Size","1","300.0","300.0",
"DELIVERED","301990485418187968_1","508240986","2026-06-26","","Tamil Nadu","MJM 360? Rotating Bike Mobile Holder Stand for Motorcycle, Bicycle & Scooter Handlebar Phone Mount","PT05-BIKESTAND","Free Size","1","148.0","148.0","TP4COEU06755325"
"DELIVERED","301990562285106624_1","508960861","2026-06-26","","Telangana","MJM 3 In 1 Fast Charging Cable 120W Super Charge USB Cable with Type C, Micro USB & 8 Pin Connector 1 Meter","MJM-3IN1-CABLE-120W-1M-ORANGE","Free Size","1","90.0","72.0","NP1SLEU06013249"
"DELIVERED","301997911894793408_1","505105292","2026-06-26","","Telangana","MJM Waterproof Mobile Pouch Combo Pack of 8 | Universal Touch Screen Phone Cover with Neck Strap, Triple Lock Waterproof Case for Swimming, Travel, Beach & Rain Protection","3lockrainpouch-8pc","Free Size","1","127.0","127.0","TP5SPEU09252773"
"DELIVERED","301997911894793408_2","505105292","2026-06-26","","Telangana","MJM Waterproof Mobile Pouch Combo Pack of 8 | Universal Touch Screen Phone Cover with Neck Strap, Triple Lock Waterproof Case for Swimming, Travel, Beach & Rain Protection","3lockrainpouch-8pc","Free Size","1","127.0","127.0","TP4COEU06755322"
"DELIVERED","302001433854941376_1","509589936","2026-06-26","","Uttar Pradesh","MJM Waterproof Bike Mobile Holder | 360? Rotatable Motorcycle Phone Mount | Touch Screen Rainproof Mobile Case for Bicycle, Scooter & Bike","MJM-A1BIKEHOLDER-360","Free Size","1","200.0","182.0","TP0SQEU02153602"
"DELIVERED","302006688387833024_1","504101529","2026-06-26","Ad order","Tamil Nadu","MJM 2 in 1 Mobile Stand Combo | Metal Desktop Phone Holder + Adjustable Foldable Mobile & Tablet Stand","MJM-MTLSTND-CMB02","Free Size","1","130.0","112.0","TP4COEU06755320"
"DELIVERED","302006958080465088_1","509589936","2026-06-26","","Gujarat","MJM Waterproof Bike Mobile Holder | 360? Rotatable Motorcycle Phone Mount | Touch Screen Rainproof Mobile Case for Bicycle, Scooter & Bike","MJM-A1BIKEHOLDER-360","Free Size","1","178.0","178.0","TP0SQEU02153590"
"DELIVERED","302009508348435648_1","509589936","2026-06-26","","Bihar","MJM Waterproof Bike Mobile Holder | 360? Rotatable Motorcycle Phone Mount | Touch Screen Rainproof Mobile Case for Bicycle, Scooter & Bike","MJM-A1BIKEHOLDER-360","Free Size","1","178.0","178.0","TP0SQEU02153618"
"CANCELLED","302014426633477632_1","508240986","2026-06-26","","Tamil Nadu","MJM 360? Rotating Bike Mobile Holder Stand for Motorcycle, Bicycle & Scooter Handlebar Phone Mount","PT05-BIKESTAND","Free Size","1","148.0","130.0",
"DELIVERED","302024417230724608_1","509589936","2026-06-26","","Uttar Pradesh","MJM Waterproof Bike Mobile Holder | 360? Rotatable Motorcycle Phone Mount | Touch Screen Rainproof Mobile Case for Bicycle, Scooter & Bike","MJM-A1BIKEHOLDER-360","Free Size","1","178.0","160.0","TP0SQEU02153616"
"DELIVERED","302026060953448768_1","509589936","2026-06-26","","Delhi","MJM Waterproof Bike Mobile Holder | 360? Rotatable Motorcycle Phone Mount | Touch Screen Rainproof Mobile Case for Bicycle, Scooter & Bike","MJM-A1BIKEHOLDER-360","Free Size","1","200.0","182.0","TP0SQEU02153620"
"DELIVERED","302028988367773184_1","508960861","2026-06-26","","Gujarat","MJM 3 In 1 Fast Charging Cable 120W Super Charge USB Cable with Type C, Micro USB & 8 Pin Connector 1 Meter","MJM-3IN1-CABLE-120W-1M-ORANGE","Free Size","1","90.0","90.0","NP1SLEU06013247"
"DELIVERED","302049342910001472_1","505105292","2026-06-26","","Rajasthan","MJM Waterproof Mobile Pouch Combo Pack of 8 | Universal Touch Screen Phone Cover with Neck Strap, Triple Lock Waterproof Case for Swimming, Travel, Beach & Rain Protection","3lockrainpouch-8pc","Free Size","1","146.0","146.0","TP4COEU06755321"
"DELIVERED","302054708722670784_1","509589936","2026-06-26","","Delhi","MJM Waterproof Bike Mobile Holder | 360? Rotatable Motorcycle Phone Mount | Touch Screen Rainproof Mobile Case for Bicycle, Scooter & Bike","MJM-A1BIKEHOLDER-360","Free Size","1","200.0","182.0","TP0SQEU02153622"
"DELIVERED","302056252468697280_1","509589936","2026-06-26","","Gujarat","MJM Waterproof Bike Mobile Holder | 360? Rotatable Motorcycle Phone Mount | Touch Screen Rainproof Mobile Case for Bicycle, Scooter & Bike","MJM-A1BIKEHOLDER-360","Free Size","1","200.0","182.0","TP0SQEU02153593"
"DELIVERED","302057083374017728_1","508960861","2026-06-26","","Maharashtra","MJM 3 In 1 Fast Charging Cable 120W Super Charge USB Cable with Type C, Micro USB & 8 Pin Connector 1 Meter","MJM-3IN1-CABLE-120W-1M-ORANGE","Free Size","1","90.0","90.0","NP1SLEU06013246"
"DELIVERED","302072698887353728_1","509589936","2026-06-26","","Haryana","MJM Waterproof Bike Mobile Holder | 360? Rotatable Motorcycle Phone Mount | Touch Screen Rainproof Mobile Case for Bicycle, Scooter & Bike","MJM-A1BIKEHOLDER-360","Free Size","1","178.0","160.0","TP0SQEU02153608"
"DELIVERED","302073956635385024_1","509589936","2026-06-26","","Jammu & Kashmir","MJM Waterproof Bike Mobile Holder | 360? Rotatable Motorcycle Phone Mount | Touch Screen Rainproof Mobile Case for Bicycle, Scooter & Bike","MJM-A1BIKEHOLDER-360","Free Size","1","178.0","178.0","TP0SQEU02153600"
"DELIVERED","302074417181432000_1","509589936","2026-06-26","","Telangana","MJM Waterproof Bike Mobile Holder | 360? Rotatable Motorcycle Phone Mount | Touch Screen Rainproof Mobile Case for Bicycle, Scooter & Bike","MJM-A1BIKEHOLDER-360","Free Size","1","178.0","160.0","TP0SQEU02153601"
"DELIVERED","302074730852456640_1","511488761","2026-06-26","","Maharashtra","MJM Airdopes Prime TWS Earbuds Bluetooth 5.4 Wireless Earbuds with Deep Bass, HD Calling, Type-C Charging & 18 Hours Playback - Blue","MJM-AIRDOPES-PRIME-BLUE","Free Size","1","300.0","282.0","TP5SPEU09252772"
"RTO_COMPLETE","302107141769409984_1","509589936","2026-06-26","","Maharashtra","MJM Waterproof Bike Mobile Holder | 360? Rotatable Motorcycle Phone Mount | Touch Screen Rainproof Mobile Case for Bicycle, Scooter & Bike","MJM-A1BIKEHOLDER-360","Free Size","1","178.0","160.0","TP0SQEU02153604"
"DELIVERED","302122274193290624_1","509589936","2026-06-26","","Madhya Pradesh","MJM Waterproof Bike Mobile Holder | 360? Rotatable Motorcycle Phone Mount | Touch Screen Rainproof Mobile Case for Bicycle, Scooter & Bike","MJM-A1BIKEHOLDER-360","Free Size","1","200.0","182.0","TP0SQEU02153613"
"DELIVERED","302130702672344448_1","509589936","2026-06-26","","Kerala","MJM Waterproof Bike Mobile Holder | 360? Rotatable Motorcycle Phone Mount | Touch Screen Rainproof Mobile Case for Bicycle, Scooter & Bike","MJM-A1BIKEHOLDER-360","Free Size","1","200.0","200.0","TP0SQEU02153594"
"DELIVERED","302139770443144704_1","509589936","2026-06-26","","Madhya Pradesh","MJM Waterproof Bike Mobile Holder | 360? Rotatable Motorcycle Phone Mount | Touch Screen Rainproof Mobile Case for Bicycle, Scooter & Bike","MJM-A1BIKEHOLDER-360","Free Size","1","178.0","160.0","TP0SQEU02153615"
"DELIVERED","302146084260945088_1","509589936","2026-06-26","","Gujarat","MJM Waterproof Bike Mobile Holder | 360? Rotatable Motorcycle Phone Mount | Touch Screen Rainproof Mobile Case for Bicycle, Scooter & Bike","MJM-A1BIKEHOLDER-360","Free Size","1","178.0","178.0","TP0SQEU02153610"
"DELIVERED","302152861088226816_1","504101529","2026-06-27","Ad order","Maharashtra","MJM 2 in 1 Mobile Stand Combo | Metal Desktop Phone Holder + Adjustable Foldable Mobile & Tablet Stand","MJM-MTLSTND-CMB02","Free Size","1","130.0","112.0","TP4COEU06755319"
"CANCELLED","302154929341472256_1","509589936","2026-06-27","","West Bengal","MJM Waterproof Bike Mobile Holder | 360? Rotatable Motorcycle Phone Mount | Touch Screen Rainproof Mobile Case for Bicycle, Scooter & Bike","MJM-A1BIKEHOLDER-360","Free Size","1","178.0","178.0",
"CANCELLED","302156222936004032_1","509589936","2026-06-27","","Gujarat","MJM Waterproof Bike Mobile Holder | 360? Rotatable Motorcycle Phone Mount | Touch Screen Rainproof Mobile Case for Bicycle, Scooter & Bike","MJM-A1BIKEHOLDER-360","Free Size","1","200.0","182.0",
"RTO_COMPLETE","302163670837114240_1","509589936","2026-06-27","","Gujarat","MJM Waterproof Bike Mobile Holder | 360? Rotatable Motorcycle Phone Mount | Touch Screen Rainproof Mobile Case for Bicycle, Scooter & Bike","MJM-A1BIKEHOLDER-360","Free Size","1","200.0","200.0","TP0SQEU02153592"
"DELIVERED","302259463845721472_1","509589936","2026-06-27","","Puducherry","MJM Waterproof Bike Mobile Holder | 360? Rotatable Motorcycle Phone Mount | Touch Screen Rainproof Mobile Case for Bicycle, Scooter & Bike","MJM-A1BIKEHOLDER-360","Free Size","1","200.0","182.0","TP0SQEU02153599"
"DELIVERED","302259589679035776_1","509589936","2026-06-27","","Punjab","MJM Waterproof Bike Mobile Holder | 360? Rotatable Motorcycle Phone Mount | Touch Screen Rainproof Mobile Case for Bicycle, Scooter & Bike","MJM-A1BIKEHOLDER-360","Free Size","1","200.0","182.0","TP0SQEU02153598"
"DELIVERED","302261473668117888_1","508960861","2026-06-27","","Madhya Pradesh","MJM 3 In 1 Fast Charging Cable 120W Super Charge USB Cable with Type C, Micro USB & 8 Pin Connector 1 Meter","MJM-3IN1-CABLE-120W-1M-ORANGE","Free Size","1","71.0","53.0","NP1SLEU06013248"
"DELIVERED","302263018390428864_1","509589936","2026-06-27","","Maharashtra","MJM Waterproof Bike Mobile Holder | 360? Rotatable Motorcycle Phone Mount | Touch Screen Rainproof Mobile Case for Bicycle, Scooter & Bike","MJM-A1BIKEHOLDER-360","Free Size","1","178.0","160.0","TP0SQEU02153612"
"DELIVERED","302265235384186304_1","509589936","2026-06-27","","Maharashtra","MJM Waterproof Bike Mobile Holder | 360? Rotatable Motorcycle Phone Mount | Touch Screen Rainproof Mobile Case for Bicycle, Scooter & Bike","MJM-A1BIKEHOLDER-360","Free Size","1","178.0","160.0","TP0SQEU02153607"
"DELIVERED","302267019050686656_1","509589936","2026-06-27","","Bihar","MJM Waterproof Bike Mobile Holder | 360? Rotatable Motorcycle Phone Mount | Touch Screen Rainproof Mobile Case for Bicycle, Scooter & Bike","MJM-A1BIKEHOLDER-360","Free Size","1","178.0","178.0","TP0SQEU02153606"
"DELIVERED","302270105046627776_1","509589936","2026-06-27","","Maharashtra","MJM Waterproof Bike Mobile Holder | 360? Rotatable Motorcycle Phone Mount | Touch Screen Rainproof Mobile Case for Bicycle, Scooter & Bike","MJM-A1BIKEHOLDER-360","Free Size","1","200.0","182.0","TP0SQEU02153614"
"DELIVERED","302286051954013568_1","511487094","2026-06-27","","Gujarat","MJM Airdopes Prime TWS Earbuds Bluetooth 5.4 Wireless Earbuds with Deep Bass, HD Calling, Type-C Charging & 18 Hours Playback - Black","MJM-AIRDOPES-PRIME-BLACK","Free Size","1","300.0","282.0","TP5SPEU09252771"
"DELIVERED","302291574958994816_1","509589936","2026-06-27","","Maharashtra","MJM Waterproof Bike Mobile Holder | 360? Rotatable Motorcycle Phone Mount | Touch Screen Rainproof Mobile Case for Bicycle, Scooter & Bike","MJM-A1BIKEHOLDER-360","Free Size","1","200.0","200.0","TP0SQEU02153617"
"DELIVERED","302296447784917184_1","509589936","2026-06-27","","Tamil Nadu","MJM Waterproof Bike Mobile Holder | 360? Rotatable Motorcycle Phone Mount | Touch Screen Rainproof Mobile Case for Bicycle, Scooter & Bike","MJM-A1BIKEHOLDER-360","Free Size","1","178.0","160.0","TP0SQEU02153597"
"RTO_COMPLETE","302301086117934464_1","508960861","2026-06-27","","Gujarat","MJM 3 In 1 Fast Charging Cable 120W Super Charge USB Cable with Type C, Micro USB & 8 Pin Connector 1 Meter","MJM-3IN1-CABLE-120W-1M-ORANGE","Free Size","1","90.0","90.0","NP1SLEU06013244"
"RTO_COMPLETE","302302574308300993_1","508960861","2026-06-27","","Gujarat","MJM 3 In 1 Fast Charging Cable 120W Super Charge USB Cable with Type C, Micro USB & 8 Pin Connector 1 Meter","MJM-3IN1-CABLE-120W-1M-ORANGE","Free Size","1","90.0","90.0","NP1SLEU06013245"
"DELIVERED","302305603522031936_1","508240986","2026-06-27","","Uttar Pradesh","MJM 360? Rotating Bike Mobile Holder Stand for Motorcycle, Bicycle & Scooter Handlebar Phone Mount","PT05-BIKESTAND","Free Size","1","170.0","152.0","TP4COEU06755318"
"DELIVERED","302310126877291968_1","508162782","2026-06-27","","Maharashtra","MJM Crystal Pro Wireless Bluetooth Earbuds with Smart LED Display, 48H Playback, ENC Calling, Type-C Charging, Low Latency Gaming Earbuds","Crystalpro-black","Free Size","1","271.0","253.0","TP4COEU06755327"
"DELIVERED","302332236081405440_1","508960861","2026-06-27","","Assam","MJM 3 In 1 Fast Charging Cable 120W Super Charge USB Cable with Type C, Micro USB & 8 Pin Connector 1 Meter","MJM-3IN1-CABLE-120W-1M-ORANGE","Free Size","1","71.0","53.0","NP1SLEU06013253"
"DELIVERED","302342812224337344_1","508960861","2026-06-27","","Rajasthan","MJM 3 In 1 Fast Charging Cable 120W Super Charge USB Cable with Type C, Micro USB & 8 Pin Connector 1 Meter","MJM-3IN1-CABLE-120W-1M-ORANGE","Free Size","1","90.0","72.0","NP1SLEU06013263"
"CANCELLED","302346429895423424_1","509589936","2026-06-27","","Delhi","MJM Waterproof Bike Mobile Holder | 360? Rotatable Motorcycle Phone Mount | Touch Screen Rainproof Mobile Case for Bicycle, Scooter & Bike","MJM-A1BIKEHOLDER-360","Free Size","1","200.0","200.0",
"DELIVERED","302350091821586624_1","508960861","2026-06-27","","Uttar Pradesh","MJM 3 In 1 Fast Charging Cable 120W Super Charge USB Cable with Type C, Micro USB & 8 Pin Connector 1 Meter","MJM-3IN1-CABLE-120W-1M-ORANGE","Free Size","1","90.0","72.0","NP1SLEU06013251"
"DELIVERED","302353088923448769_1","505105292","2026-06-27","","Delhi","MJM Waterproof Mobile Pouch Combo Pack of 8 | Universal Touch Screen Phone Cover with Neck Strap, Triple Lock Waterproof Case for Swimming, Travel, Beach & Rain Protection","3lockrainpouch-8pc","Free Size","1","146.0","128.0","TP4COEU06755329"
"DELIVERED","302359233977392640_1","508960861","2026-06-27","","Maharashtra","MJM 3 In 1 Fast Charging Cable 120W Super Charge USB Cable with Type C, Micro USB & 8 Pin Connector 1 Meter","MJM-3IN1-CABLE-120W-1M-ORANGE","Free Size","1","71.0","53.0","NP1SLEU06013252"
"RTO_COMPLETE","302363149179696576_1","508960861","2026-06-27","","Maharashtra","MJM 3 In 1 Fast Charging Cable 120W Super Charge USB Cable with Type C, Micro USB & 8 Pin Connector 1 Meter","MJM-3IN1-CABLE-120W-1M-ORANGE","Free Size","1","90.0","90.0","NP1SLEU06013261"
"DELIVERED","302363403107054976_1","509589936","2026-06-27","","Tamil Nadu","MJM Waterproof Bike Mobile Holder | 360? Rotatable Motorcycle Phone Mount | Touch Screen Rainproof Mobile Case for Bicycle, Scooter & Bike","MJM-A1BIKEHOLDER-360","Free Size","1","200.0","200.0","TP0SQEU03089505"
"RTO_COMPLETE","302376578883925440_1","508240986","2026-06-27","","Uttar Pradesh","MJM 360? Rotating Bike Mobile Holder Stand for Motorcycle, Bicycle & Scooter Handlebar Phone Mount","PT05-BIKESTAND","Free Size","1","170.0","170.0","TP4COEU06755333"
"DELIVERED","302376858109222080_1","509589936","2026-06-27","","Gujarat","MJM Waterproof Bike Mobile Holder | 360? Rotatable Motorcycle Phone Mount | Touch Screen Rainproof Mobile Case for Bicycle, Scooter & Bike","MJM-A1BIKEHOLDER-360","Free Size","1","200.0","182.0","TP0SQEU02153623"
"DELIVERED","302390791668905408_1","509589936","2026-06-27","","West Bengal","MJM Waterproof Bike Mobile Holder | 360? Rotatable Motorcycle Phone Mount | Touch Screen Rainproof Mobile Case for Bicycle, Scooter & Bike","MJM-A1BIKEHOLDER-360","Free Size","1","178.0","160.0","TP0SQEU02153629"
"DELIVERED","302393190026458496_1","508240986","2026-06-27","","Jammu & Kashmir","MJM 360? Rotating Bike Mobile Holder Stand for Motorcycle, Bicycle & Scooter Handlebar Phone Mount","PT05-BIKESTAND","Free Size","1","170.0","170.0","TP4COEU06755337"
"DELIVERED","302393454477603136_1","509589936","2026-06-27","","Haryana","MJM Waterproof Bike Mobile Holder | 360? Rotatable Motorcycle Phone Mount | Touch Screen Rainproof Mobile Case for Bicycle, Scooter & Bike","MJM-A1BIKEHOLDER-360","Free Size","1","178.0","160.0","TP0SQEU02153639"
"DELIVERED","302397726518681088_1","509589936","2026-06-27","","Andhra Pradesh","MJM Waterproof Bike Mobile Holder | 360? Rotatable Motorcycle Phone Mount | Touch Screen Rainproof Mobile Case for Bicycle, Scooter & Bike","MJM-A1BIKEHOLDER-360","Free Size","1","200.0","182.0","TP0SQEU02153630"
"DELIVERED","302400171702294720_1","509589936","2026-06-27","","Telangana","MJM Waterproof Bike Mobile Holder | 360? Rotatable Motorcycle Phone Mount | Touch Screen Rainproof Mobile Case for Bicycle, Scooter & Bike","MJM-A1BIKEHOLDER-360","Free Size","1","178.0","160.0","TP0SQEU02153628"
"DELIVERED","302409557111806144_1","509589936","2026-06-27","","Assam","MJM Waterproof Bike Mobile Holder | 360? Rotatable Motorcycle Phone Mount | Touch Screen Rainproof Mobile Case for Bicycle, Scooter & Bike","MJM-A1BIKEHOLDER-360","Free Size","1","178.0","160.0","TP0SQEU02153647"
"RTO_COMPLETE","302423912016582848_1","509589936","2026-06-27","","Gujarat","MJM Waterproof Bike Mobile Holder | 360? Rotatable Motorcycle Phone Mount | Touch Screen Rainproof Mobile Case for Bicycle, Scooter & Bike","MJM-A1BIKEHOLDER-360","Free Size","1","200.0","200.0","TP0SQEU03089517"
"DELIVERED","302431786112807232_1","509589936","2026-06-27","","Gujarat","MJM Waterproof Bike Mobile Holder | 360? Rotatable Motorcycle Phone Mount | Touch Screen Rainproof Mobile Case for Bicycle, Scooter & Bike","MJM-A1BIKEHOLDER-360","Free Size","1","178.0","160.0","TP0SQEU02153646"
"DELIVERED","302432969044947264_1","509589936","2026-06-27","","Gujarat","MJM Waterproof Bike Mobile Holder | 360? Rotatable Motorcycle Phone Mount | Touch Screen Rainproof Mobile Case for Bicycle, Scooter & Bike","MJM-A1BIKEHOLDER-360","Free Size","1","200.0","200.0","TP0SQEU02153635"
"DELIVERED","302441128052274560_1","508960861","2026-06-27","","Jharkhand","MJM 3 In 1 Fast Charging Cable 120W Super Charge USB Cable with Type C, Micro USB & 8 Pin Connector 1 Meter","MJM-3IN1-CABLE-120W-1M-ORANGE","Free Size","1","71.0","71.0","NP1SLEU06013259"
"DELIVERED","302443873176001728_1","508960861","2026-06-27","","Chandigarh","MJM 3 In 1 Fast Charging Cable 120W Super Charge USB Cable with Type C, Micro USB & 8 Pin Connector 1 Meter","MJM-3IN1-CABLE-120W-1M-ORANGE","Free Size","1","71.0","53.0","NP1SLEU06013260"
"DELIVERED","302450575407586816_1","509589936","2026-06-27","","Madhya Pradesh","MJM Waterproof Bike Mobile Holder | 360? Rotatable Motorcycle Phone Mount | Touch Screen Rainproof Mobile Case for Bicycle, Scooter & Bike","MJM-A1BIKEHOLDER-360","Free Size","1","178.0","160.0","TP0SQEU02153637"
"DELIVERED","302452722870263296_1","509589936","2026-06-27","","West Bengal","MJM Waterproof Bike Mobile Holder | 360? Rotatable Motorcycle Phone Mount | Touch Screen Rainproof Mobile Case for Bicycle, Scooter & Bike","MJM-A1BIKEHOLDER-360","Free Size","1","200.0","182.0","TP0SQEU02153640"
"DELIVERED","302462214165829824_1","511488761","2026-06-27","","Jharkhand","MJM Airdopes Prime TWS Earbuds Bluetooth 5.4 Wireless Earbuds with Deep Bass, HD Calling, Type-C Charging & 18 Hours Playback - Blue","MJM-AIRDOPES-PRIME-BLUE","Free Size","1","300.0","300.0","TP4COEU06755340"
"DELIVERED","302462594273654144_1","509589936","2026-06-27","","Maharashtra","MJM Waterproof Bike Mobile Holder | 360? Rotatable Motorcycle Phone Mount | Touch Screen Rainproof Mobile Case for Bicycle, Scooter & Bike","MJM-A1BIKEHOLDER-360","Free Size","1","200.0","182.0","TP0SQEU02153648"
"DELIVERED","302467214878324096_1","511488761","2026-06-27","","Bihar","MJM Airdopes Prime TWS Earbuds Bluetooth 5.4 Wireless Earbuds with Deep Bass, HD Calling, Type-C Charging & 18 Hours Playback - Blue","MJM-AIRDOPES-PRIME-BLUE","Free Size","1","271.0","253.0","TP4COEU06755341"
"RTO_COMPLETE","302468541423710528_1","508960861","2026-06-27","","Rajasthan","MJM 3 In 1 Fast Charging Cable 120W Super Charge USB Cable with Type C, Micro USB & 8 Pin Connector 1 Meter","MJM-3IN1-CABLE-120W-1M-ORANGE","Free Size","1","71.0","71.0","NP1SLEU06013262"
"RTO_COMPLETE","302474096686931456_1","509589936","2026-06-27","","Tamil Nadu","MJM Waterproof Bike Mobile Holder | 360? Rotatable Motorcycle Phone Mount | Touch Screen Rainproof Mobile Case for Bicycle, Scooter & Bike","MJM-A1BIKEHOLDER-360","Free Size","1","200.0","182.0","TP0SQEU02153636"
"DELIVERED","302477318935966016_1","509589936","2026-06-27","","Gujarat","MJM Waterproof Bike Mobile Holder | 360? Rotatable Motorcycle Phone Mount | Touch Screen Rainproof Mobile Case for Bicycle, Scooter & Bike","MJM-A1BIKEHOLDER-360","Free Size","1","200.0","200.0","TP0SQEU03089515"
"DELIVERED","302489370584561024_1","509589936","2026-06-27","","Maharashtra","MJM Waterproof Bike Mobile Holder | 360? Rotatable Motorcycle Phone Mount | Touch Screen Rainproof Mobile Case for Bicycle, Scooter & Bike","MJM-A1BIKEHOLDER-360","Free Size","1","200.0","200.0","TP0SQEU02153634"
"DELIVERED","302489445709017408_1","509589936","2026-06-27","","Telangana","MJM Waterproof Bike Mobile Holder | 360? Rotatable Motorcycle Phone Mount | Touch Screen Rainproof Mobile Case for Bicycle, Scooter & Bike","MJM-A1BIKEHOLDER-360","Free Size","1","200.0","182.0",
"CANCELLED","302494114145252736_1","509589936","2026-06-27","","Karnataka","MJM Waterproof Bike Mobile Holder | 360? Rotatable Motorcycle Phone Mount | Touch Screen Rainproof Mobile Case for Bicycle, Scooter & Bike","MJM-A1BIKEHOLDER-360","Free Size","1","178.0","160.0",
"DELIVERED","302494395088248320_1","509589936","2026-06-27","","Andhra Pradesh","MJM Waterproof Bike Mobile Holder | 360? Rotatable Motorcycle Phone Mount | Touch Screen Rainproof Mobile Case for Bicycle, Scooter & Bike","MJM-A1BIKEHOLDER-360","Free Size","1","200.0","200.0","TP0SQEU03089506"
"DELIVERED","302500865067260096_1","509589936","2026-06-27","","Karnataka","MJM Waterproof Bike Mobile Holder | 360? Rotatable Motorcycle Phone Mount | Touch Screen Rainproof Mobile Case for Bicycle, Scooter & Bike","MJM-A1BIKEHOLDER-360","Free Size","1","200.0","200.0","TP0SQEU02153655"
"DELIVERED","302508467267450304_1","505105292","2026-06-27","","Uttar Pradesh","MJM Waterproof Mobile Pouch Combo Pack of 8 | Universal Touch Screen Phone Cover with Neck Strap, Triple Lock Waterproof Case for Swimming, Travel, Beach & Rain Protection","3lockrainpouch-8pc","Free Size","1","127.0","109.0","TP4COEU06755330"
"DELIVERED","302515646569651712_1","509589936","2026-06-28","","Maharashtra","MJM Waterproof Bike Mobile Holder | 360? Rotatable Motorcycle Phone Mount | Touch Screen Rainproof Mobile Case for Bicycle, Scooter & Bike","MJM-A1BIKEHOLDER-360","Free Size","1","200.0","200.0","TP0SQEU03089513"
"RTO_COMPLETE","302521537563860160_1","508162782","2026-06-28","","Uttar Pradesh","MJM Crystal Pro Wireless Bluetooth Earbuds with Smart LED Display, 48H Playback, ENC Calling, Type-C Charging, Low Latency Gaming Earbuds","Crystalpro-black","Free Size","1","271.0","271.0","TP4COEU06755326"
"DELIVERED","302521674308940096_1","508960861","2026-06-28","","Uttar Pradesh","MJM 3 In 1 Fast Charging Cable 120W Super Charge USB Cable with Type C, Micro USB & 8 Pin Connector 1 Meter","MJM-3IN1-CABLE-120W-1M-ORANGE","Free Size","1","90.0","90.0","NP1SLEU06013250"
"DELIVERED","302523800560743808_1","509589936","2026-06-28","","West Bengal","MJM Waterproof Bike Mobile Holder | 360? Rotatable Motorcycle Phone Mount | Touch Screen Rainproof Mobile Case for Bicycle, Scooter & Bike","MJM-A1BIKEHOLDER-360","Free Size","1","200.0","200.0","TP0SQEU02153626"
"DELIVERED","302527538377793024_1","509589936","2026-06-28","","Uttar Pradesh","MJM Waterproof Bike Mobile Holder | 360? Rotatable Motorcycle Phone Mount | Touch Screen Rainproof Mobile Case for Bicycle, Scooter & Bike","MJM-A1BIKEHOLDER-360","Free Size","1","200.0","182.0","TP0SQEU02153642"
"DELIVERED","302614906804705472_1","509589936","2026-06-28","","Maharashtra","MJM Waterproof Bike Mobile Holder | 360? Rotatable Motorcycle Phone Mount | Touch Screen Rainproof Mobile Case for Bicycle, Scooter & Bike","MJM-A1BIKEHOLDER-360","Free Size","1","178.0","160.0","TP0SQEU02153652"
"DELIVERED","302620521957569920_1","508960861","2026-06-28","","Chhattisgarh","MJM 3 In 1 Fast Charging Cable 120W Super Charge USB Cable with Type C, Micro USB & 8 Pin Connector 1 Meter","MJM-3IN1-CABLE-120W-1M-ORANGE","Free Size","1","71.0","53.0","NP1SLEU06013254"
"DELIVERED","302627426637869376_1","509589936","2026-06-28","","Haryana","MJM Waterproof Bike Mobile Holder | 360? Rotatable Motorcycle Phone Mount | Touch Screen Rainproof Mobile Case for Bicycle, Scooter & Bike","MJM-A1BIKEHOLDER-360","Free Size","1","178.0","178.0","TP0SQEU03089516"
"DELIVERED","302672449668265344_1","509589936","2026-06-28","","Bihar","MJM Waterproof Bike Mobile Holder | 360? Rotatable Motorcycle Phone Mount | Touch Screen Rainproof Mobile Case for Bicycle, Scooter & Bike","MJM-A1BIKEHOLDER-360","Free Size","1","178.0","160.0","TP0SQEU02153650"
"DELIVERED","302682181799916928_1","508960861","2026-06-28","","Tamil Nadu","MJM 3 In 1 Fast Charging Cable 120W Super Charge USB Cable with Type C, Micro USB & 8 Pin Connector 1 Meter","MJM-3IN1-CABLE-120W-1M-ORANGE","Free Size","1","90.0","72.0","NP1SLEU06013267"
"CANCELLED","302690644523359425_1","509589936","2026-06-28","","Odisha","MJM Waterproof Bike Mobile Holder | 360? Rotatable Motorcycle Phone Mount | Touch Screen Rainproof Mobile Case for Bicycle, Scooter & Bike","MJM-A1BIKEHOLDER-360","Free Size","1","200.0","200.0",
"DELIVERED","302699864715041984_1","509589936","2026-06-28","","Rajasthan","MJM Waterproof Bike Mobile Holder | 360? Rotatable Motorcycle Phone Mount | Touch Screen Rainproof Mobile Case for Bicycle, Scooter & Bike","MJM-A1BIKEHOLDER-360","Free Size","1","178.0","160.0","TP0SQEU02153651"
"DELIVERED","302700997284360512_1","509589936","2026-06-28","","Maharashtra","MJM Waterproof Bike Mobile Holder | 360? Rotatable Motorcycle Phone Mount | Touch Screen Rainproof Mobile Case for Bicycle, Scooter & Bike","MJM-A1BIKEHOLDER-360","Free Size","1","200.0","200.0","TP0SQEU02153643"
"CANCELLED","302703457492933824_1","509589936","2026-06-28","","Tamil Nadu","MJM Waterproof Bike Mobile Holder | 360? Rotatable Motorcycle Phone Mount | Touch Screen Rainproof Mobile Case for Bicycle, Scooter & Bike","MJM-A1BIKEHOLDER-360","Free Size","1","178.0","178.0",
"DELIVERED","302703883497911744_1","509589936","2026-06-28","","Delhi","MJM Waterproof Bike Mobile Holder | 360? Rotatable Motorcycle Phone Mount | Touch Screen Rainproof Mobile Case for Bicycle, Scooter & Bike","MJM-A1BIKEHOLDER-360","Free Size","1","200.0","182.0","TP0SQEU02153624"
"RTO_COMPLETE","302705015582781760_1","509589936","2026-06-28","","Gujarat","MJM Waterproof Bike Mobile Holder | 360? Rotatable Motorcycle Phone Mount | Touch Screen Rainproof Mobile Case for Bicycle, Scooter & Bike","MJM-A1BIKEHOLDER-360","Free Size","1","200.0","200.0","TP0SQEU02153649"
"DELIVERED","302713269721118080_1","508960861","2026-06-28","","Tripura","MJM 3 In 1 Fast Charging Cable 120W Super Charge USB Cable with Type C, Micro USB & 8 Pin Connector 1 Meter","MJM-3IN1-CABLE-120W-1M-ORANGE","Free Size","1","90.0","90.0","NP1SLEU06013265"
"DELIVERED","302715410674359808_1","509589936","2026-06-28","","Kerala","MJM Waterproof Bike Mobile Holder | 360? Rotatable Motorcycle Phone Mount | Touch Screen Rainproof Mobile Case for Bicycle, Scooter & Bike","MJM-A1BIKEHOLDER-360","Free Size","1","178.0","178.0","TP0SQEU03089518"
"DELIVERED","302720392089989440_1","505105292","2026-06-28","","West Bengal","MJM Waterproof Mobile Pouch Combo Pack of 8 | Universal Touch Screen Phone Cover with Neck Strap, Triple Lock Waterproof Case for Swimming, Travel, Beach & Rain Protection","3lockrainpouch-8pc","Free Size","1","146.0","146.0","TP4COEU06755328"
"DELIVERED","302720472351913344_1","508960861","2026-06-28","","Maharashtra","MJM 3 In 1 Fast Charging Cable 120W Super Charge USB Cable with Type C, Micro USB & 8 Pin Connector 1 Meter","MJM-3IN1-CABLE-120W-1M-ORANGE","Free Size","1","71.0","53.0","NP1SLEU06013255"
"DELIVERED","302756739408082304_1","509589936","2026-06-28","","Maharashtra","MJM Waterproof Bike Mobile Holder | 360? Rotatable Motorcycle Phone Mount | Touch Screen Rainproof Mobile Case for Bicycle, Scooter & Bike","MJM-A1BIKEHOLDER-360","Free Size","1","200.0","200.0","TP0SQEU03089533"
"DELIVERED","302757674523964800_1","509589936","2026-06-28","","Kerala","MJM Waterproof Bike Mobile Holder | 360? Rotatable Motorcycle Phone Mount | Touch Screen Rainproof Mobile Case for Bicycle, Scooter & Bike","MJM-A1BIKEHOLDER-360","Free Size","1","200.0","200.0","TP0SQEU02153625"
"DELIVERED","302765964335134080_1","509589936","2026-06-28","","Karnataka","MJM Waterproof Bike Mobile Holder | 360? Rotatable Motorcycle Phone Mount | Touch Screen Rainproof Mobile Case for Bicycle, Scooter & Bike","MJM-A1BIKEHOLDER-360","Free Size","1","200.0","182.0","TP0SQEU02153645"
"DELIVERED","302766432130053568_1","508240986","2026-06-28","","Telangana","MJM 360? Rotating Bike Mobile Holder Stand for Motorcycle, Bicycle & Scooter Handlebar Phone Mount","PT05-BIKESTAND","Free Size","1","170.0","152.0","TP4COEU06755324"
"RTO_COMPLETE","302766438192913600_1","509589936","2026-06-28","","West Bengal","MJM Waterproof Bike Mobile Holder | 360? Rotatable Motorcycle Phone Mount | Touch Screen Rainproof Mobile Case for Bicycle, Scooter & Bike","MJM-A1BIKEHOLDER-360","Free Size","1","200.0","200.0",
"DELIVERED","302769679445072064_1","509589936","2026-06-28","","Maharashtra","MJM Waterproof Bike Mobile Holder | 360? Rotatable Motorcycle Phone Mount | Touch Screen Rainproof Mobile Case for Bicycle, Scooter & Bike","MJM-A1BIKEHOLDER-360","Free Size","1","178.0","160.0","TP0SQEU02153641"
"CANCELLED","302769831764440512_1","511491324","2026-06-28","","Rajasthan","MJM Airdopes Prime TWS Earbuds Bluetooth 5.4 Wireless Earbuds with Deep Bass, HD Calling, Type-C Charging & 18 Hours Playback - Green","MJM-AIRDOPES-PRIME-GREEN","Free Size","1","271.0","253.0","TP4COEU06755342"
"DELIVERED","302778711991131648_1","508960861","2026-06-28","","Uttar Pradesh","MJM 3 In 1 Fast Charging Cable 120W Super Charge USB Cable with Type C, Micro USB & 8 Pin Connector 1 Meter","MJM-3IN1-CABLE-120W-1M-ORANGE","Free Size","1","71.0","71.0","NP1SLEU06013264"
"DELIVERED","302782343620736384_1","509589936","2026-06-28","","West Bengal","MJM Waterproof Bike Mobile Holder | 360? Rotatable Motorcycle Phone Mount | Touch Screen Rainproof Mobile Case for Bicycle, Scooter & Bike","MJM-A1BIKEHOLDER-360","Free Size","1","200.0","182.0","TP0SQEU02153627"
"DELIVERED","302804987779815616_1","511488761","2026-06-28","","Rajasthan","MJM Airdopes Prime TWS Earbuds Bluetooth 5.4 Wireless Earbuds with Deep Bass, HD Calling, Type-C Charging & 18 Hours Playback - Blue","MJM-AIRDOPES-PRIME-BLUE","Free Size","1","300.0","300.0","TP4COEU06755343"
"CANCELLED","302805687917229504_1","508960861","2026-06-28","","Tamil Nadu","MJM 3 In 1 Fast Charging Cable 120W Super Charge USB Cable with Type C, Micro USB & 8 Pin Connector 1 Meter","MJM-3IN1-CABLE-120W-1M-ORANGE","Free Size","1","90.0","90.0",
"DELIVERED","302830317797258688_1","509589936","2026-06-28","","Karnataka","MJM Waterproof Bike Mobile Holder | 360? Rotatable Motorcycle Phone Mount | Touch Screen Rainproof Mobile Case for Bicycle, Scooter & Bike","MJM-A1BIKEHOLDER-360","Free Size","1","178.0","178.0","TP0SQEU02153656"
"RTO_COMPLETE","302836280998638976_1","509589936","2026-06-28","","West Bengal","MJM Waterproof Bike Mobile Holder | 360? Rotatable Motorcycle Phone Mount | Touch Screen Rainproof Mobile Case for Bicycle, Scooter & Bike","MJM-A1BIKEHOLDER-360","Free Size","1","200.0","200.0","TP0SQEU02153631"
"DELIVERED","302839652788017344_1","509589936","2026-06-28","","West Bengal","MJM Waterproof Bike Mobile Holder | 360? Rotatable Motorcycle Phone Mount | Touch Screen Rainproof Mobile Case for Bicycle, Scooter & Bike","MJM-A1BIKEHOLDER-360","Free Size","1","200.0","182.0","TP0SQEU02153638"
"DELIVERED","302847797206857088_1","509589936","2026-06-28","","Uttar Pradesh","MJM Waterproof Bike Mobile Holder | 360? Rotatable Motorcycle Phone Mount | Touch Screen Rainproof Mobile Case for Bicycle, Scooter & Bike","MJM-A1BIKEHOLDER-360","Free Size","1","200.0","200.0","TP0SQEU03089503"
"DELIVERED","302851710224053632_1","508960861","2026-06-28","","Gujarat","MJM 3 In 1 Fast Charging Cable 120W Super Charge USB Cable with Type C, Micro USB & 8 Pin Connector 1 Meter","MJM-3IN1-CABLE-120W-1M-ORANGE","Free Size","1","71.0","53.0","NP1SLEU06013266"
"DELIVERED","302853428554905024_1","509589936","2026-06-28","","Rajasthan","MJM Waterproof Bike Mobile Holder | 360? Rotatable Motorcycle Phone Mount | Touch Screen Rainproof Mobile Case for Bicycle, Scooter & Bike","MJM-A1BIKEHOLDER-360","Free Size","1","200.0","200.0","TP0SQEU03089504"
"DELIVERED","302856048161994176_1","508960861","2026-06-28","","Tripura","MJM 3 In 1 Fast Charging Cable 120W Super Charge USB Cable with Type C, Micro USB & 8 Pin Connector 1 Meter","MJM-3IN1-CABLE-120W-1M-ORANGE","Free Size","1","90.0","72.0","NP1SLEU06013258"
"DELIVERED","302857022901591552_1","509589936","2026-06-28","","Tamil Nadu","MJM Waterproof Bike Mobile Holder | 360? Rotatable Motorcycle Phone Mount | Touch Screen Rainproof Mobile Case for Bicycle, Scooter & Bike","MJM-A1BIKEHOLDER-360","Free Size","1","200.0","200.0","TP0SQEU03089540"
"DELIVERED","302872167350416832_1","509589936","2026-06-28","","Maharashtra","MJM Waterproof Bike Mobile Holder | 360? Rotatable Motorcycle Phone Mount | Touch Screen Rainproof Mobile Case for Bicycle, Scooter & Bike","MJM-A1BIKEHOLDER-360","Free Size","1","200.0","200.0","TP0SQEU02153654"
"DELIVERED","302889848128550272_1","509589936","2026-06-29","","Delhi","MJM Waterproof Bike Mobile Holder | 360? Rotatable Motorcycle Phone Mount | Touch Screen Rainproof Mobile Case for Bicycle, Scooter & Bike","MJM-A1BIKEHOLDER-360","Free Size","1","178.0","160.0","TP0SQEU02153632"
"DELIVERED","302895092787910848_1","509589936","2026-06-29","","Punjab","MJM Waterproof Bike Mobile Holder | 360? Rotatable Motorcycle Phone Mount | Touch Screen Rainproof Mobile Case for Bicycle, Scooter & Bike","MJM-A1BIKEHOLDER-360","Free Size","1","200.0","200.0","TP0SQEU03089514"
"DELIVERED","302902765066809664_1","509589936","2026-06-29","","Uttar Pradesh","MJM Waterproof Bike Mobile Holder | 360? Rotatable Motorcycle Phone Mount | Touch Screen Rainproof Mobile Case for Bicycle, Scooter & Bike","MJM-A1BIKEHOLDER-360","Free Size","1","200.0","182.0","TP0SQEU02153633"
"RTO_COMPLETE","303004988631037376_1","508960861","2026-06-29","","Himachal Pradesh","MJM 3 In 1 Fast Charging Cable 120W Super Charge USB Cable with Type C, Micro USB & 8 Pin Connector 1 Meter","MJM-3IN1-CABLE-120W-1M-ORANGE","Free Size","1","90.0","90.0","NP1SLEU06013257"
"RTO_COMPLETE","303019268772345216_1","508960861","2026-06-29","","Uttar Pradesh","MJM 3 In 1 Fast Charging Cable 120W Super Charge USB Cable with Type C, Micro USB & 8 Pin Connector 1 Meter","MJM-3IN1-CABLE-120W-1M-ORANGE","Free Size","1","90.0","72.0","NP1SLEU06013256"
"DELIVERED","303021074354084032_1","509589936","2026-06-29","","Chhattisgarh","MJM Waterproof Bike Mobile Holder | 360? Rotatable Motorcycle Phone Mount | Touch Screen Rainproof Mobile Case for Bicycle, Scooter & Bike","MJM-A1BIKEHOLDER-360","Free Size","1","200.0","200.0","TP0SQEU03089525"
"CANCELLED","303025288178374848_1","508240986","2026-06-29","","Uttar Pradesh","MJM 360? Rotating Bike Mobile Holder Stand for Motorcycle, Bicycle & Scooter Handlebar Phone Mount","PT05-BIKESTAND","Free Size","1","170.0","170.0",
"DELIVERED","303028259271357888_1","508240986","2026-06-29","","Uttar Pradesh","MJM 360? Rotating Bike Mobile Holder Stand for Motorcycle, Bicycle & Scooter Handlebar Phone Mount","PT05-BIKESTAND","Free Size","1","170.0","152.0","TP4COEU06755331"
"DELIVERED","303036763306881344_1","508960861","2026-06-29","","Chhattisgarh","MJM 3 In 1 Fast Charging Cable 120W Super Charge USB Cable with Type C, Micro USB & 8 Pin Connector 1 Meter","MJM-3IN1-CABLE-120W-1M-ORANGE","Free Size","1","71.0","53.0","NP1SLEU06013279"
"DELIVERED","303040779919890624_1","508960861","2026-06-29","","Gujarat","MJM 3 In 1 Fast Charging Cable 120W Super Charge USB Cable with Type C, Micro USB & 8 Pin Connector 1 Meter","MJM-3IN1-CABLE-120W-1M-ORANGE","Free Size","1","90.0","90.0","NP1SLEU06013277"
"DELIVERED","303050569613319680_1","509589936","2026-06-29","","Haryana","MJM Waterproof Bike Mobile Holder | 360? Rotatable Motorcycle Phone Mount | Touch Screen Rainproof Mobile Case for Bicycle, Scooter & Bike","MJM-A1BIKEHOLDER-360","Free Size","1","178.0","160.0","TP0SQEU03089512"
"RTO_COMPLETE","299939536048758272_1","506810503","2026-06-29","","Uttar Pradesh","MJM 10 Pieces 10 Watt LED Bulb Combo Pack | Cool White Energy Saving LED Light Bulbs | Long Lasting Bright Light for Home, Office, Shop | B22 Base","10wled-10pcs-leo","Free Size","1","181.0","181.0","TP8RTEU03010779"
"DELIVERED","303055492954338752_1","509589936","2026-06-29","","Bihar","MJM Waterproof Bike Mobile Holder | 360? Rotatable Motorcycle Phone Mount | Touch Screen Rainproof Mobile Case for Bicycle, Scooter & Bike","MJM-A1BIKEHOLDER-360","Free Size","1","200.0","182.0","TP0SQEU03089526"
"DELIVERED","303057068592864448_1","508240986","2026-06-29","","Telangana","MJM 360? Rotating Bike Mobile Holder Stand for Motorcycle, Bicycle & Scooter Handlebar Phone Mount","PT05-BIKESTAND","Free Size","1","148.0","148.0","TP4COEU06755338"
"DELIVERED","303065721179878784_1","508960861","2026-06-29","","Tamil Nadu","MJM 3 In 1 Fast Charging Cable 120W Super Charge USB Cable with Type C, Micro USB & 8 Pin Connector 1 Meter","MJM-3IN1-CABLE-120W-1M-ORANGE","Free Size","1","90.0","72.0","NP1SLEU06013281"
"DELIVERED","303066566437968064_1","509589936","2026-06-29","","Tamil Nadu","MJM Waterproof Bike Mobile Holder | 360? Rotatable Motorcycle Phone Mount | Touch Screen Rainproof Mobile Case for Bicycle, Scooter & Bike","MJM-A1BIKEHOLDER-360","Free Size","1","178.0","160.0","TP0SQEU03089511"
"DELIVERED","303066632019254784_1","509589936","2026-06-29","","Jharkhand","MJM Waterproof Bike Mobile Holder | 360? Rotatable Motorcycle Phone Mount | Touch Screen Rainproof Mobile Case for Bicycle, Scooter & Bike","MJM-A1BIKEHOLDER-360","Free Size","1","178.0","160.0","TP0SQEU03089509"
"DELIVERED","303069430656015872_1","508960861","2026-06-29","","Gujarat","MJM 3 In 1 Fast Charging Cable 120W Super Charge USB Cable with Type C, Micro USB & 8 Pin Connector 1 Meter","MJM-3IN1-CABLE-120W-1M-ORANGE","Free Size","1","71.0","53.0","NP1SLEU06013269"
"DELIVERED","303092464919911616_1","508960861","2026-06-29","","Uttar Pradesh","MJM 3 In 1 Fast Charging Cable 120W Super Charge USB Cable with Type C, Micro USB & 8 Pin Connector 1 Meter","MJM-3IN1-CABLE-120W-1M-ORANGE","Free Size","1","71.0","53.0","NP1SLEU06013275"
"DELIVERED","303101071482953216_1","509589936","2026-06-29","","Delhi","MJM Waterproof Bike Mobile Holder | 360? Rotatable Motorcycle Phone Mount | Touch Screen Rainproof Mobile Case for Bicycle, Scooter & Bike","MJM-A1BIKEHOLDER-360","Free Size","1","200.0","182.0","TP0SQEU03089538"
"DELIVERED","303102363718655488_1","509589936","2026-06-29","","Punjab","MJM Waterproof Bike Mobile Holder | 360? Rotatable Motorcycle Phone Mount | Touch Screen Rainproof Mobile Case for Bicycle, Scooter & Bike","MJM-A1BIKEHOLDER-360","Free Size","1","200.0","200.0","TP0SQEU03089528"
"DELIVERED","303107244437157312_1","509589936","2026-06-29","","Odisha","MJM Waterproof Bike Mobile Holder | 360? Rotatable Motorcycle Phone Mount | Touch Screen Rainproof Mobile Case for Bicycle, Scooter & Bike","MJM-A1BIKEHOLDER-360","Free Size","1","200.0","200.0","TP0SQEU03089510"
"DELIVERED","303107721241441664_1","508960861","2026-06-29","","Karnataka","MJM 3 In 1 Fast Charging Cable 120W Super Charge USB Cable with Type C, Micro USB & 8 Pin Connector 1 Meter","MJM-3IN1-CABLE-120W-1M-ORANGE","Free Size","1","71.0","53.0","NP1SLEU06013273"
"DELIVERED","303112010953274816_1","509589936","2026-06-29","","Karnataka","MJM Waterproof Bike Mobile Holder | 360? Rotatable Motorcycle Phone Mount | Touch Screen Rainproof Mobile Case for Bicycle, Scooter & Bike","MJM-A1BIKEHOLDER-360","Free Size","1","200.0","182.0","TP0SQEU03089507"
"DELIVERED","303113790923617728_1","508960861","2026-06-29","","Punjab","MJM 3 In 1 Fast Charging Cable 120W Super Charge USB Cable with Type C, Micro USB & 8 Pin Connector 1 Meter","MJM-3IN1-CABLE-120W-1M-ORANGE","Free Size","1","71.0","53.0","NP1SLEU06013283"
"DELIVERED","303118797291286848_1","508960861","2026-06-29","","Gujarat","MJM 3 In 1 Fast Charging Cable 120W Super Charge USB Cable with Type C, Micro USB & 8 Pin Connector 1 Meter","MJM-3IN1-CABLE-120W-1M-ORANGE","Free Size","1","71.0","53.0","NP1SLEU06013270"
"CANCELLED","303119427518739840_1","508960861","2026-06-29","","Uttar Pradesh","MJM 3 In 1 Fast Charging Cable 120W Super Charge USB Cable with Type C, Micro USB & 8 Pin Connector 1 Meter","MJM-3IN1-CABLE-120W-1M-ORANGE","Free Size","1","71.0","71.0",
"DELIVERED","303122545442698624_1","509589936","2026-06-29","","Punjab","MJM Waterproof Bike Mobile Holder | 360? Rotatable Motorcycle Phone Mount | Touch Screen Rainproof Mobile Case for Bicycle, Scooter & Bike","MJM-A1BIKEHOLDER-360","Free Size","1","200.0","200.0","TP0SQEU03089508"
"DELIVERED","303124019006676480_1","509589936","2026-06-29","","Chhattisgarh","MJM Waterproof Bike Mobile Holder | 360? Rotatable Motorcycle Phone Mount | Touch Screen Rainproof Mobile Case for Bicycle, Scooter & Bike","MJM-A1BIKEHOLDER-360","Free Size","1","200.0","182.0","TP0SQEU03089545"
"DELIVERED","303133423207520448_1","509589936","2026-06-29","","Uttar Pradesh","MJM Waterproof Bike Mobile Holder | 360? Rotatable Motorcycle Phone Mount | Touch Screen Rainproof Mobile Case for Bicycle, Scooter & Bike","MJM-A1BIKEHOLDER-360","Free Size","1","200.0","182.0","TP0SQEU03089502"
"DELIVERED","303136657150122176_1","509589936","2026-06-29","","West Bengal","MJM Waterproof Bike Mobile Holder | 360? Rotatable Motorcycle Phone Mount | Touch Screen Rainproof Mobile Case for Bicycle, Scooter & Bike","MJM-A1BIKEHOLDER-360","Free Size","1","200.0","200.0","TP0SQEU03089534"
"DELIVERED","303139969877554624_1","509589936","2026-06-29","","Madhya Pradesh","MJM Waterproof Bike Mobile Holder | 360? Rotatable Motorcycle Phone Mount | Touch Screen Rainproof Mobile Case for Bicycle, Scooter & Bike","MJM-A1BIKEHOLDER-360","Free Size","1","200.0","200.0","TP0SQEU03089546"
"CANCELLED","303142716447201472_1","509589936","2026-06-29","","Bihar","MJM Waterproof Bike Mobile Holder | 360? Rotatable Motorcycle Phone Mount | Touch Screen Rainproof Mobile Case for Bicycle, Scooter & Bike","MJM-A1BIKEHOLDER-360","Free Size","1","200.0","200.0",
"DELIVERED","303145553788024256_1","508960861","2026-06-29","","Madhya Pradesh","MJM 3 In 1 Fast Charging Cable 120W Super Charge USB Cable with Type C, Micro USB & 8 Pin Connector 1 Meter","MJM-3IN1-CABLE-120W-1M-ORANGE","Free Size","1","71.0","53.0","NP1SLEU06013274"
"DELIVERED","303153416258461184_1","508960861","2026-06-29","","Telangana","MJM 3 In 1 Fast Charging Cable 120W Super Charge USB Cable with Type C, Micro USB & 8 Pin Connector 1 Meter","MJM-3IN1-CABLE-120W-1M-ORANGE","Free Size","1","90.0","90.0","NP1SLEU06013271"
"DELIVERED","303161490398393792_1","509589936","2026-06-29","","Maharashtra","MJM Waterproof Bike Mobile Holder | 360? Rotatable Motorcycle Phone Mount | Touch Screen Rainproof Mobile Case for Bicycle, Scooter & Bike","MJM-A1BIKEHOLDER-360","Free Size","1","200.0","200.0","TP0SQEU03089548"
"DELIVERED","303167342446801218_1","509589936","2026-06-29","","Karnataka","MJM Waterproof Bike Mobile Holder | 360? Rotatable Motorcycle Phone Mount | Touch Screen Rainproof Mobile Case for Bicycle, Scooter & Bike","MJM-A1BIKEHOLDER-360","Free Size","1","200.0","182.0","TP0SQEU03089541"
"DELIVERED","303171837830247872_1","505105292","2026-06-29","","Bihar","MJM Waterproof Mobile Pouch Combo Pack of 8 | Universal Touch Screen Phone Cover with Neck Strap, Triple Lock Waterproof Case for Swimming, Travel, Beach & Rain Protection","3lockrainpouch-8pc","Free Size","1","146.0","128.0","TP4COEU06755339"
"DELIVERED","303173373297833344_1","509589936","2026-06-29","","Karnataka","MJM Waterproof Bike Mobile Holder | 360? Rotatable Motorcycle Phone Mount | Touch Screen Rainproof Mobile Case for Bicycle, Scooter & Bike","MJM-A1BIKEHOLDER-360","Free Size","1","200.0","200.0","TP0SQEU03089529"
"DELIVERED","303175921744638272_1","509589936","2026-06-29","","Himachal Pradesh","MJM Waterproof Bike Mobile Holder | 360? Rotatable Motorcycle Phone Mount | Touch Screen Rainproof Mobile Case for Bicycle, Scooter & Bike","MJM-A1BIKEHOLDER-360","Free Size","1","200.0","200.0","TP0SQEU03089524"
"DELIVERED","303183254675404160_1","509589936","2026-06-29","","Uttar Pradesh","MJM Waterproof Bike Mobile Holder | 360? Rotatable Motorcycle Phone Mount | Touch Screen Rainproof Mobile Case for Bicycle, Scooter & Bike","MJM-A1BIKEHOLDER-360","Free Size","1","200.0","182.0","TP0SQEU03089549"
"DELIVERED","303196141932387520_1","509589936","2026-06-29","","Gujarat","MJM Waterproof Bike Mobile Holder | 360? Rotatable Motorcycle Phone Mount | Touch Screen Rainproof Mobile Case for Bicycle, Scooter & Bike","MJM-A1BIKEHOLDER-360","Free Size","1","178.0","178.0","TP0SQEU03089542"
"RTO_COMPLETE","303196475428772032_1","509589936","2026-06-29","","Gujarat","MJM Waterproof Bike Mobile Holder | 360? Rotatable Motorcycle Phone Mount | Touch Screen Rainproof Mobile Case for Bicycle, Scooter & Bike","MJM-A1BIKEHOLDER-360","Free Size","1","200.0","200.0","TP0SQEU03089522"
"RTO_COMPLETE","303209324128646592_1","508960861","2026-06-29","","Rajasthan","MJM 3 In 1 Fast Charging Cable 120W Super Charge USB Cable with Type C, Micro USB & 8 Pin Connector 1 Meter","MJM-3IN1-CABLE-120W-1M-ORANGE","Free Size","1","90.0","90.0","NP1SLEU06013272"
"DELIVERED","303217191657566528_1","508960861","2026-06-29","","Odisha","MJM 3 In 1 Fast Charging Cable 120W Super Charge USB Cable with Type C, Micro USB & 8 Pin Connector 1 Meter","MJM-3IN1-CABLE-120W-1M-ORANGE","Free Size","1","71.0","71.0","NP1SLEU06013280"
"DELIVERED","303223116000533696_1","509589936","2026-06-29","","Punjab","MJM Waterproof Bike Mobile Holder | 360? Rotatable Motorcycle Phone Mount | Touch Screen Rainproof Mobile Case for Bicycle, Scooter & Bike","MJM-A1BIKEHOLDER-360","Free Size","1","178.0","160.0","TP0SQEU03089527"
"DELIVERED","303231514194899264_1","509589936","2026-06-29","","Maharashtra","MJM Waterproof Bike Mobile Holder | 360? Rotatable Motorcycle Phone Mount | Touch Screen Rainproof Mobile Case for Bicycle, Scooter & Bike","MJM-A1BIKEHOLDER-360","Free Size","1","200.0","182.0","TP0SQEU03089530"
"DELIVERED","303261756175037824_1","509589936","2026-06-30","","Haryana","MJM Waterproof Bike Mobile Holder | 360? Rotatable Motorcycle Phone Mount | Touch Screen Rainproof Mobile Case for Bicycle, Scooter & Bike","MJM-A1BIKEHOLDER-360","Free Size","1","200.0","200.0","TP0SQEU03089544"
"DELIVERED","303326815207175616_1","512895768","2026-06-30","","Maharashtra","MJM 3 In 1 Black Fast Charging Cable 120W Super Charge USB Cable with Type C, Micro USB & 8 Pin Connector 1 Meter","MJM-3IN1-CABLE-120W-1M-BLACK-01","Free Size","1","120.0","102.0","NP1SLEU06013268"
"DELIVERED","303335555911194816_1","508960861","2026-06-30","","Gujarat","MJM 3 In 1 Fast Charging Cable 120W Super Charge USB Cable with Type C, Micro USB & 8 Pin Connector 1 Meter","MJM-3IN1-CABLE-120W-1M-ORANGE","Free Size","1","71.0","53.0",
"DELIVERED","303346298768596480_1","509589936","2026-06-30","","Rajasthan","MJM Waterproof Bike Mobile Holder | 360? Rotatable Motorcycle Phone Mount | Touch Screen Rainproof Mobile Case for Bicycle, Scooter & Bike","MJM-A1BIKEHOLDER-360","Free Size","1","200.0","182.0","TP0SQEU03089532"
"DELIVERED","303351562294926528_1","509589936","2026-06-30","","Tamil Nadu","MJM Waterproof Bike Mobile Holder | 360? Rotatable Motorcycle Phone Mount | Touch Screen Rainproof Mobile Case for Bicycle, Scooter & Bike","MJM-A1BIKEHOLDER-360","Free Size","1","200.0","182.0","TP5SPEU09252789"
"DELIVERED","303353236549940608_1","509589936","2026-06-30","","Bihar","MJM Waterproof Bike Mobile Holder | 360? Rotatable Motorcycle Phone Mount | Touch Screen Rainproof Mobile Case for Bicycle, Scooter & Bike","MJM-A1BIKEHOLDER-360","Free Size","1","200.0","200.0","TP0SQEU02153653"
"DELIVERED","303354701909734784_1","509589936","2026-06-30","","Tamil Nadu","MJM Waterproof Bike Mobile Holder | 360? Rotatable Motorcycle Phone Mount | Touch Screen Rainproof Mobile Case for Bicycle, Scooter & Bike","MJM-A1BIKEHOLDER-360","Free Size","1","200.0","182.0","TP0SQEU03089523"
"DELIVERED","303358309313442112_1","508960861","2026-06-30","","Punjab","MJM 3 In 1 Fast Charging Cable 120W Super Charge USB Cable with Type C, Micro USB & 8 Pin Connector 1 Meter","MJM-3IN1-CABLE-120W-1M-ORANGE","Free Size","1","90.0","72.0","NP1SLEU06013276"
"DELIVERED","303375750831420864_1","508960861","2026-06-30","","Uttar Pradesh","MJM 3 In 1 Fast Charging Cable 120W Super Charge USB Cable with Type C, Micro USB & 8 Pin Connector 1 Meter","MJM-3IN1-CABLE-120W-1M-ORANGE","Free Size","1","90.0","90.0","NP1SLEU06013278"
"DELIVERED","303386849406491840_1","511488761","2026-06-30","","Uttar Pradesh","MJM Airdopes Prime TWS Earbuds Bluetooth 5.4 Wireless Earbuds with Deep Bass, HD Calling, Type-C Charging & 18 Hours Playback - Blue","MJM-AIRDOPES-PRIME-BLUE","Free Size","1","271.0","253.0","TP4COEU06755344"
"RTO_COMPLETE","303397699586629120_1","509589936","2026-06-30","","Gujarat","MJM Waterproof Bike Mobile Holder | 360? Rotatable Motorcycle Phone Mount | Touch Screen Rainproof Mobile Case for Bicycle, Scooter & Bike","MJM-A1BIKEHOLDER-360","Free Size","1","200.0","200.0","TP5SPEU09252784"
"RTO_COMPLETE","303399806549258560_1","509589936","2026-06-30","","Gujarat","MJM Waterproof Bike Mobile Holder | 360? Rotatable Motorcycle Phone Mount | Touch Screen Rainproof Mobile Case for Bicycle, Scooter & Bike","MJM-A1BIKEHOLDER-360","Free Size","1","200.0","200.0","TP5SPEU09252778"
"DELIVERED","303400033411471552_1","508960861","2026-06-30","","Uttar Pradesh","MJM 3 In 1 Fast Charging Cable 120W Super Charge USB Cable with Type C, Micro USB & 8 Pin Connector 1 Meter","MJM-3IN1-CABLE-120W-1M-ORANGE","Free Size","1","71.0","53.0","NP1SLEU06013296"
"DELIVERED","303404926655405248_1","509589936","2026-06-30","","Gujarat","MJM Waterproof Bike Mobile Holder | 360? Rotatable Motorcycle Phone Mount | Touch Screen Rainproof Mobile Case for Bicycle, Scooter & Bike","MJM-A1BIKEHOLDER-360","Free Size","1","200.0","200.0","TP0SQEU03089520"
"DELIVERED","303410327826472448_1","509589936","2026-06-30","","Punjab","MJM Waterproof Bike Mobile Holder | 360? Rotatable Motorcycle Phone Mount | Touch Screen Rainproof Mobile Case for Bicycle, Scooter & Bike","MJM-A1BIKEHOLDER-360","Free Size","1","200.0","200.0","TP5SPEU09252779"
"DELIVERED","303418677008167232_1","509589936","2026-06-30","","Delhi","MJM Waterproof Bike Mobile Holder | 360? Rotatable Motorcycle Phone Mount | Touch Screen Rainproof Mobile Case for Bicycle, Scooter & Bike","MJM-A1BIKEHOLDER-360","Free Size","1","200.0","182.0","TP0SQEU03089537"
"CANCELLED","303425416375704768_1","508960861","2026-06-30","","Bihar","MJM 3 In 1 Fast Charging Cable 120W Super Charge USB Cable with Type C, Micro USB & 8 Pin Connector 1 Meter","MJM-3IN1-CABLE-120W-1M-ORANGE","Free Size","1","90.0","72.0",
"DELIVERED","303428086753728704_1","509589936","2026-06-30","","Gujarat","MJM Waterproof Bike Mobile Holder | 360? Rotatable Motorcycle Phone Mount | Touch Screen Rainproof Mobile Case for Bicycle, Scooter & Bike","MJM-A1BIKEHOLDER-360","Free Size","1","178.0","178.0","TP0SQEU03089519"
"CANCELLED","303433197327905088_1","508960861","2026-06-30","","Uttar Pradesh","MJM 3 In 1 Fast Charging Cable 120W Super Charge USB Cable with Type C, Micro USB & 8 Pin Connector 1 Meter","MJM-3IN1-CABLE-120W-1M-ORANGE","Free Size","1","90.0","90.0",
"DELIVERED","303433972359509376_1","509589936","2026-06-30","","Maharashtra","MJM Waterproof Bike Mobile Holder | 360? Rotatable Motorcycle Phone Mount | Touch Screen Rainproof Mobile Case for Bicycle, Scooter & Bike","MJM-A1BIKEHOLDER-360","Free Size","1","200.0","182.0","TP0SQEU02153658"
"DELIVERED","303437504462876992_1","509589936","2026-06-30","","Chhattisgarh","MJM Waterproof Bike Mobile Holder | 360? Rotatable Motorcycle Phone Mount | Touch Screen Rainproof Mobile Case for Bicycle, Scooter & Bike","MJM-A1BIKEHOLDER-360","Free Size","1","200.0","200.0","TP5SPEU09252786"
"DELIVERED","303438713244360192_1","508960861","2026-06-30","","Maharashtra","MJM 3 In 1 Fast Charging Cable 120W Super Charge USB Cable with Type C, Micro USB & 8 Pin Connector 1 Meter","MJM-3IN1-CABLE-120W-1M-ORANGE","Free Size","1","90.0","72.0","NP1SLEU06013289"
"DELIVERED","303439129881353728_1","509589936","2026-06-30","","Tamil Nadu","MJM Waterproof Bike Mobile Holder | 360? Rotatable Motorcycle Phone Mount | Touch Screen Rainproof Mobile Case for Bicycle, Scooter & Bike","MJM-A1BIKEHOLDER-360","Free Size","1","178.0","178.0","TP0SQEU03089535"
"DELIVERED","303440177015363776_1","508960861","2026-06-30","","Madhya Pradesh","MJM 3 In 1 Fast Charging Cable 120W Super Charge USB Cable with Type C, Micro USB & 8 Pin Connector 1 Meter","MJM-3IN1-CABLE-120W-1M-ORANGE","Free Size","1","90.0","72.0","NP1SLEU06013290"
"DELIVERED","303448960944206144_1","509589936","2026-06-30","","Andhra Pradesh","MJM Waterproof Bike Mobile Holder | 360? Rotatable Motorcycle Phone Mount | Touch Screen Rainproof Mobile Case for Bicycle, Scooter & Bike","MJM-A1BIKEHOLDER-360","Free Size","1","200.0","200.0","TP5SPEU09252787"
"CANCELLED","303455562705018048_1","508960861","2026-06-30","","Karnataka","MJM 3 In 1 Fast Charging Cable 120W Super Charge USB Cable with Type C, Micro USB & 8 Pin Connector 1 Meter","MJM-3IN1-CABLE-120W-1M-ORANGE","Free Size","1","90.0","90.0",
"RTO_COMPLETE","303456272660182400_1","509589936","2026-06-30","","Tamil Nadu","MJM Waterproof Bike Mobile Holder | 360? Rotatable Motorcycle Phone Mount | Touch Screen Rainproof Mobile Case for Bicycle, Scooter & Bike","MJM-A1BIKEHOLDER-360","Free Size","1","178.0","178.0","TP5SPEU09252780"
"CANCELLED","303462117741850944_1","508960861","2026-06-30","","Haryana","MJM 3 In 1 Fast Charging Cable 120W Super Charge USB Cable with Type C, Micro USB & 8 Pin Connector 1 Meter","MJM-3IN1-CABLE-120W-1M-ORANGE","Free Size","1","90.0","90.0",
"RTO_COMPLETE","303464127043876224_1","508960861","2026-06-30","","Karnataka","MJM 3 In 1 Fast Charging Cable 120W Super Charge USB Cable with Type C, Micro USB & 8 Pin Connector 1 Meter","MJM-3IN1-CABLE-120W-1M-ORANGE","Free Size","1","71.0","71.0","NP1SLEU06013285"
"CANCELLED","303473456094802240_1","509589936","2026-06-30","","Rajasthan","MJM Waterproof Bike Mobile Holder | 360? Rotatable Motorcycle Phone Mount | Touch Screen Rainproof Mobile Case for Bicycle, Scooter & Bike","MJM-A1BIKEHOLDER-360","Free Size","1","200.0","200.0",
"RTO_COMPLETE","303473718152535232_1","508240986","2026-06-30","","Madhya Pradesh","MJM 360? Rotating Bike Mobile Holder Stand for Motorcycle, Bicycle & Scooter Handlebar Phone Mount","PT05-BIKESTAND","Free Size","1","170.0","170.0","TP4COEU06755332"
"DELIVERED","303476192409098432_1","508960861","2026-06-30","","Uttar Pradesh","MJM 3 In 1 Fast Charging Cable 120W Super Charge USB Cable with Type C, Micro USB & 8 Pin Connector 1 Meter","MJM-3IN1-CABLE-120W-1M-ORANGE","Free Size","1","90.0","72.0","NP1SLEU06013295"
"DELIVERED","303486462165938497_1","509589936","2026-06-30","","Maharashtra","MJM Waterproof Bike Mobile Holder | 360? Rotatable Motorcycle Phone Mount | Touch Screen Rainproof Mobile Case for Bicycle, Scooter & Bike","MJM-A1BIKEHOLDER-360","Free Size","1","178.0","178.0","TP0SQEU03089531"
"DELIVERED","303487154923051200_1","508960861","2026-06-30","","Uttarakhand","MJM 3 In 1 Fast Charging Cable 120W Super Charge USB Cable with Type C, Micro USB & 8 Pin Connector 1 Meter","MJM-3IN1-CABLE-120W-1M-ORANGE","Free Size","1","90.0","90.0","NP1SLEU06013292"
"DELIVERED","303490352479090112_1","511488761","2026-06-30","","Tamil Nadu","MJM Airdopes Prime TWS Earbuds Bluetooth 5.4 Wireless Earbuds with Deep Bass, HD Calling, Type-C Charging & 18 Hours Playback - Blue","MJM-AIRDOPES-PRIME-BLUE","Free Size","1","271.0","271.0","TP4COEU06755345"
"DELIVERED","303521997416570368_1","508960861","2026-06-30","","Kerala","MJM 3 In 1 Fast Charging Cable 120W Super Charge USB Cable with Type C, Micro USB & 8 Pin Connector 1 Meter","MJM-3IN1-CABLE-120W-1M-ORANGE","Free Size","1","71.0","53.0","NP1SLEU06013288"
"RTO_COMPLETE","303524513264967168_1","509589936","2026-06-30","","Madhya Pradesh","MJM Waterproof Bike Mobile Holder | 360? Rotatable Motorcycle Phone Mount | Touch Screen Rainproof Mobile Case for Bicycle, Scooter & Bike","MJM-A1BIKEHOLDER-360","Free Size","1","200.0","200.0","TP0SQEU03089521"
"DELIVERED","303525079871265984_1","509589936","2026-06-30","","Gujarat","MJM Waterproof Bike Mobile Holder | 360? Rotatable Motorcycle Phone Mount | Touch Screen Rainproof Mobile Case for Bicycle, Scooter & Bike","MJM-A1BIKEHOLDER-360","Free Size","1","200.0","200.0","TP0SQEU03089536"
"RTO_COMPLETE","303529977430023360_1","511487094","2026-06-30","","West Bengal","MJM Airdopes Prime TWS Earbuds Bluetooth 5.4 Wireless Earbuds with Deep Bass, HD Calling, Type-C Charging & 18 Hours Playback - Black","MJM-AIRDOPES-PRIME-BLACK","Free Size","1","271.0","271.0","TP4COEU06755346"
"DELIVERED","303530189103963328_1","508960861","2026-06-30","","Bihar","MJM 3 In 1 Fast Charging Cable 120W Super Charge USB Cable with Type C, Micro USB & 8 Pin Connector 1 Meter","MJM-3IN1-CABLE-120W-1M-ORANGE","Free Size","1","71.0","53.0","NP1SLEU06013286"
"DELIVERED","303534011115532608_1","508960861","2026-06-30","","Telangana","MJM 3 In 1 Fast Charging Cable 120W Super Charge USB Cable with Type C, Micro USB & 8 Pin Connector 1 Meter","MJM-3IN1-CABLE-120W-1M-ORANGE","Free Size","1","71.0","53.0","NP1SLEU06013293"
"DELIVERED","303543989185091776_1","509589936","2026-06-30","","Tamil Nadu","MJM Waterproof Bike Mobile Holder | 360? Rotatable Motorcycle Phone Mount | Touch Screen Rainproof Mobile Case for Bicycle, Scooter & Bike","MJM-A1BIKEHOLDER-360","Free Size","1","200.0","182.0","TP5SPEU09252776"
"DELIVERED","303551271393441216_1","509589936","2026-06-30","","Maharashtra","MJM Waterproof Bike Mobile Holder | 360? Rotatable Motorcycle Phone Mount | Touch Screen Rainproof Mobile Case for Bicycle, Scooter & Bike","MJM-A1BIKEHOLDER-360","Free Size","1","200.0","182.0","TP0SQEU03089539"
"DELIVERED","303551617176057217_1","508960861","2026-06-30","","Tamil Nadu","MJM 3 In 1 Fast Charging Cable 120W Super Charge USB Cable with Type C, Micro USB & 8 Pin Connector 1 Meter","MJM-3IN1-CABLE-120W-1M-ORANGE","Free Size","1","90.0","90.0","NP1SLEU06013287"
"DELIVERED","303551728346084800_1","509589936","2026-06-30","","Odisha","MJM Waterproof Bike Mobile Holder | 360? Rotatable Motorcycle Phone Mount | Touch Screen Rainproof Mobile Case for Bicycle, Scooter & Bike","MJM-A1BIKEHOLDER-360","Free Size","1","200.0","200.0","TP5SPEU09252788"
"DELIVERED","303554102515086720_1","508960861","2026-06-30","","Madhya Pradesh","MJM 3 In 1 Fast Charging Cable 120W Super Charge USB Cable with Type C, Micro USB & 8 Pin Connector 1 Meter","MJM-3IN1-CABLE-120W-1M-ORANGE","Free Size","1","90.0","90.0","NP1SLEU06013294"
"RTO_COMPLETE","303554627332544704_1","511488761","2026-06-30","","Madhya Pradesh","MJM Airdopes Prime TWS Earbuds Bluetooth 5.4 Wireless Earbuds with Deep Bass, HD Calling, Type-C Charging & 18 Hours Playback - Blue","MJM-AIRDOPES-PRIME-BLUE","Free Size","1","300.0","300.0","TP4COEU06755347"
"DELIVERED","303556580187205952_1","509589936","2026-06-30","","Maharashtra","MJM Waterproof Bike Mobile Holder | 360? Rotatable Motorcycle Phone Mount | Touch Screen Rainproof Mobile Case for Bicycle, Scooter & Bike","MJM-A1BIKEHOLDER-360","Free Size","1","200.0","200.0","TP5SPEU09252783"
"DELIVERED","303564921084997952_1","509589936","2026-06-30","","Maharashtra","MJM Waterproof Bike Mobile Holder | 360? Rotatable Motorcycle Phone Mount | Touch Screen Rainproof Mobile Case for Bicycle, Scooter & Bike","MJM-A1BIKEHOLDER-360","Free Size","1","200.0","182.0","TP0SQEU03089543"
"DELIVERED","303566756483068224_1","509589936","2026-06-30","","Maharashtra","MJM Waterproof Bike Mobile Holder | 360? Rotatable Motorcycle Phone Mount | Touch Screen Rainproof Mobile Case for Bicycle, Scooter & Bike","MJM-A1BIKEHOLDER-360","Free Size","1","200.0","182.0","TP5SPEU09252794"
"RTO_COMPLETE","303567977977486848_1","509589936","2026-06-30","","Rajasthan","MJM Waterproof Bike Mobile Holder | 360? Rotatable Motorcycle Phone Mount | Touch Screen Rainproof Mobile Case for Bicycle, Scooter & Bike","MJM-A1BIKEHOLDER-360","Free Size","1","200.0","200.0","TP0SQEU03089550"
"DELIVERED","303569148485973376_1","509589936","2026-06-30","","Maharashtra","MJM Waterproof Bike Mobile Holder | 360? Rotatable Motorcycle Phone Mount | Touch Screen Rainproof Mobile Case for Bicycle, Scooter & Bike","MJM-A1BIKEHOLDER-360","Free Size","1","200.0","182.0","TP0SQEU03089547"
"DELIVERED","303580243661567424_1","509589936","2026-06-30","","Gujarat","MJM Waterproof Bike Mobile Holder | 360? Rotatable Motorcycle Phone Mount | Touch Screen Rainproof Mobile Case for Bicycle, Scooter & Bike","MJM-A1BIKEHOLDER-360","Free Size","1","178.0","178.0","TP5SPEU09252785"
"DELIVERED","303582846545966528_1","508960861","2026-06-30","","Gujarat","MJM 3 In 1 Fast Charging Cable 120W Super Charge USB Cable with Type C, Micro USB & 8 Pin Connector 1 Meter","MJM-3IN1-CABLE-120W-1M-ORANGE","Free Size","1","90.0","72.0","NP1SLEU06013284"
"DELIVERED","303590086036305280_1","509589936","2026-06-30","","Odisha","MJM Waterproof Bike Mobile Holder | 360? Rotatable Motorcycle Phone Mount | Touch Screen Rainproof Mobile Case for Bicycle, Scooter & Bike","MJM-A1BIKEHOLDER-360","Free Size","1","200.0","200.0","TP5SPEU09252782"
"DELIVERED","303595882515077312_1","509589936","2026-06-30","","Maharashtra","MJM Waterproof Bike Mobile Holder | 360? Rotatable Motorcycle Phone Mount | Touch Screen Rainproof Mobile Case for Bicycle, Scooter & Bike","MJM-A1BIKEHOLDER-360","Free Size","1","200.0","200.0","TP5SPEU09252781"
